,mean_fit_time,std_fit_time,mean_score_time,std_score_time,param_C,param_coef0,param_degree,param_gamma,param_kernel,params,split0_test_score,split1_test_score,split2_test_score,split3_test_score,split4_test_score,mean_test_score,std_test_score,rank_test_score
0,0.0006246566772460938,0.0003166925751852994,0.000341796875,0.00022565577802678287,1,0.0,2,scale,linear,"{'C': 1, 'coef0': 0.0, 'degree': 2, 'gamma': 'scale', 'kernel': 'linear'}",1.0,0.9,0.9,1.0,0.95,0.95,0.04472135954999579,1
1,0.0002521991729736328,1.0829978612196647e-05,0.00016503334045410157,9.109212321394926e-06,1,0.0,2,scale,poly,"{'C': 1, 'coef0': 0.0, 'degree': 2, 'gamma': 'scale', 'kernel': 'poly'}",0.95,0.9,0.95,1.0,0.95,0.95,0.031622776601683784,1
2,0.00048274993896484374,0.00013836220400373307,0.0003818035125732422,0.0003125800727143763,1,0.0,2,scale,rbf,"{'C': 1, 'coef0': 0.0, 'degree': 2, 'gamma': 'scale', 'kernel': 'rbf'}",1.0,0.85,0.9,1.0,0.9,0.93,0.06,131
3,0.0003970146179199219,2.821224283597551e-05,0.00018892288208007812,1.0926336166722284e-05,1,0.0,2,scale,sigmoid,"{'C': 1, 'coef0': 0.0, 'degree': 2, 'gamma': 'scale', 'kernel': 'sigmoid'}",0.35,0.35,0.35,0.35,0.2,0.31999999999999995,0.059999999999999984,253
4,0.00026373863220214845,5.643915186908315e-05,0.0001652240753173828,1.646780442867667e-05,1,0.0,2,auto,linear,"{'C': 1, 'coef0': 0.0, 'degree': 2, 'gamma': 'auto', 'kernel': 'linear'}",1.0,0.9,0.9,1.0,0.95,0.95,0.04472135954999579,1
5,0.00023703575134277345,1.1354733326825879e-05,0.00015058517456054688,3.077724373455987e-06,1,0.0,2,auto,poly,"{'C': 1, 'coef0': 0.0, 'degree': 2, 'gamma': 'auto', 'kernel': 'poly'}",0.95,0.8,0.9,0.95,0.95,0.9099999999999999,0.05830951894845297,190
6,0.00024728775024414064,4.24465429005964e-06,0.00016503334045410157,1.715288710461135e-06,1,0.0,2,auto,rbf,"{'C': 1, 'coef0': 0.0, 'degree': 2, 'gamma': 'auto', 'kernel': 'rbf'}",0.95,0.9,0.9,1.0,0.95,0.9400000000000001,0.037416573867739396,84
7,0.00036835670471191406,4.0631730458174725e-05,0.00018482208251953126,2.054354823143268e-05,1,0.0,2,auto,sigmoid,"{'C': 1, 'coef0': 0.0, 'degree': 2, 'gamma': 'auto', 'kernel': 'sigmoid'}",0.35,0.35,0.35,0.35,0.3,0.33999999999999997,0.019999999999999997,217
8,0.0002204418182373047,6.442774106618705e-06,0.00014495849609375,3.216442480857859e-06,1,0.0,3,scale,linear,"{'C': 1, 'coef0': 0.0, 'degree': 3, 'gamma': 'scale', 'kernel': 'linear'}",1.0,0.9,0.9,1.0,0.95,0.95,0.04472135954999579,1
9,0.0002426624298095703,1.6079667325337204e-05,0.00014276504516601561,2.2130587360138497e-06,1,0.0,3,scale,poly,"{'C': 1, 'coef0': 0.0, 'degree': 3, 'gamma': 'scale', 'kernel': 'poly'}",0.95,0.9,0.9,0.95,1.0,0.9400000000000001,0.037416573867739396,84
10,0.0002442836761474609,1.2103212967681626e-05,0.00017757415771484374,1.6983303631707162e-05,1,0.0,3,scale,rbf,"{'C': 1, 'coef0': 0.0, 'degree': 3, 'gamma': 'scale', 'kernel': 'rbf'}",1.0,0.85,0.9,1.0,0.9,0.93,0.06,131
11,0.00034461021423339846,7.444770454892631e-06,0.00016498565673828125,3.0044525150343637e-06,1,0.0,3,scale,sigmoid,"{'C': 1, 'coef0': 0.0, 'degree': 3, 'gamma': 'scale', 'kernel': 'sigmoid'}",0.35,0.35,0.35,0.35,0.2,0.31999999999999995,0.059999999999999984,253
12,0.00020375251770019532,6.3018319680006474e-06,0.00014014244079589843,9.933789566039876e-07,1,0.0,3,auto,linear,"{'C': 1, 'coef0': 0.0, 'degree': 3, 'gamma': 'auto', 'kernel': 'linear'}",1.0,0.9,0.9,1.0,0.95,0.95,0.04472135954999579,1
13,0.00027675628662109374,6.685478027214855e-05,0.0001480579376220703,7.947603855133311e-06,1,0.0,3,auto,poly,"{'C': 1, 'coef0': 0.0, 'degree': 3, 'gamma': 'auto', 'kernel': 'poly'}",1.0,0.85,0.9,0.95,0.95,0.93,0.05099019513592784,131
14,0.0002692222595214844,5.448652769698405e-05,0.00018482208251953126,2.2601980700047666e-05,1,0.0,3,auto,rbf,"{'C': 1, 'coef0': 0.0, 'degree': 3, 'gamma': 'auto', 'kernel': 'rbf'}",0.95,0.9,0.9,1.0,0.95,0.9400000000000001,0.037416573867739396,84
15,0.0003399848937988281,1.5077406962344135e-05,0.00016427040100097656,2.5810944753121106e-06,1,0.0,3,auto,sigmoid,"{'C': 1, 'coef0': 0.0, 'degree': 3, 'gamma': 'auto', 'kernel': 'sigmoid'}",0.35,0.35,0.35,0.35,0.3,0.33999999999999997,0.019999999999999997,217
16,0.00022821426391601564,2.0178382877803005e-05,0.00016355514526367188,4.8185332693554835e-05,1,0.0,4,scale,linear,"{'C': 1, 'coef0': 0.0, 'degree': 4, 'gamma': 'scale', 'kernel': 'linear'}",1.0,0.9,0.9,1.0,0.95,0.95,0.04472135954999579,1
17,0.00026416778564453125,2.1019271841663407e-05,0.00014300346374511718,2.866580651319339e-06,1,0.0,4,scale,poly,"{'C': 1, 'coef0': 0.0, 'degree': 4, 'gamma': 'scale', 'kernel': 'poly'}",0.95,0.8,0.9,0.95,0.95,0.9099999999999999,0.05830951894845297,190
18,0.00023789405822753905,5.7426716679857625e-06,0.00016589164733886718,8.003765321358204e-06,1,0.0,4,scale,rbf,"{'C': 1, 'coef0': 0.0, 'degree': 4, 'gamma': 'scale', 'kernel': 'rbf'}",1.0,0.85,0.9,1.0,0.9,0.93,0.06,131
19,0.0003464221954345703,1.2148590565584221e-05,0.0001666545867919922,1.3242859051933041e-05,1,0.0,4,scale,sigmoid,"{'C': 1, 'coef0': 0.0, 'degree': 4, 'gamma': 'scale', 'kernel': 'sigmoid'}",0.35,0.35,0.35,0.35,0.2,0.31999999999999995,0.059999999999999984,253
20,0.00020284652709960936,5.171869988615512e-06,0.0001399517059326172,1.39020726557858e-06,1,0.0,4,auto,linear,"{'C': 1, 'coef0': 0.0, 'degree': 4, 'gamma': 'auto', 'kernel': 'linear'}",1.0,0.9,0.9,1.0,0.95,0.95,0.04472135954999579,1
21,0.0035338401794433594,0.0038776646472313066,0.00017762184143066406,4.598005990651013e-05,1,0.0,4,auto,poly,"{'C': 1, 'coef0': 0.0, 'degree': 4, 'gamma': 'auto', 'kernel': 'poly'}",0.95,0.8,0.9,0.95,0.95,0.9099999999999999,0.05830951894845297,190
22,0.0002379894256591797,7.535535926872936e-06,0.00016565322875976561,4.405005046799087e-06,1,0.0,4,auto,rbf,"{'C': 1, 'coef0': 0.0, 'degree': 4, 'gamma': 'auto', 'kernel': 'rbf'}",0.95,0.9,0.9,1.0,0.95,0.9400000000000001,0.037416573867739396,84
23,0.00034689903259277344,2.7798011367610887e-05,0.0001655101776123047,2.2436695777928528e-06,1,0.0,4,auto,sigmoid,"{'C': 1, 'coef0': 0.0, 'degree': 4, 'gamma': 'auto', 'kernel': 'sigmoid'}",0.35,0.35,0.35,0.35,0.3,0.33999999999999997,0.019999999999999997,217
24,0.0002185821533203125,8.037783036412464e-06,0.0001418590545654297,3.0044525150343637e-06,1,0.1,2,scale,linear,"{'C': 1, 'coef0': 0.1, 'degree': 2, 'gamma': 'scale', 'kernel': 'linear'}",1.0,0.9,0.9,1.0,0.95,0.95,0.04472135954999579,1
25,0.0002201080322265625,5.943082259514137e-06,0.00014200210571289063,2.7334042831357026e-06,1,0.1,2,scale,poly,"{'C': 1, 'coef0': 0.1, 'degree': 2, 'gamma': 'scale', 'kernel': 'poly'}",0.95,0.9,0.95,1.0,0.95,0.95,0.031622776601683784,1
26,0.0002441883087158203,4.019032956257911e-06,0.00016756057739257811,7.599533772711385e-07,1,0.1,2,scale,rbf,"{'C': 1, 'coef0': 0.1, 'degree': 2, 'gamma': 'scale', 'kernel': 'rbf'}",1.0,0.85,0.9,1.0,0.9,0.93,0.06,131
27,0.0003644466400146484,1.4280934560649783e-05,0.0001873493194580078,3.294506540705734e-05,1,0.1,2,scale,sigmoid,"{'C': 1, 'coef0': 0.1, 'degree': 2, 'gamma': 'scale', 'kernel': 'sigmoid'}",0.35,0.35,0.35,0.35,0.2,0.31999999999999995,0.059999999999999984,253
28,0.0002083301544189453,9.065425596859852e-06,0.0001442432403564453,4.911654198386417e-06,1,0.1,2,auto,linear,"{'C': 1, 'coef0': 0.1, 'degree': 2, 'gamma': 'auto', 'kernel': 'linear'}",1.0,0.9,0.9,1.0,0.95,0.95,0.04472135954999579,1
29,0.00024657249450683595,3.334602401088621e-05,0.0001616954803466797,2.1226163874750944e-05,1,0.1,2,auto,poly,"{'C': 1, 'coef0': 0.1, 'degree': 2, 'gamma': 'auto', 'kernel': 'poly'}",0.95,0.8,0.9,0.95,0.95,0.9099999999999999,0.05830951894845297,190
30,0.0002647876739501953,1.0421483090818419e-05,0.00018696784973144532,2.6301535413650415e-05,1,0.1,2,auto,rbf,"{'C': 1, 'coef0': 0.1, 'degree': 2, 'gamma': 'auto', 'kernel': 'rbf'}",0.95,0.9,0.9,1.0,0.95,0.9400000000000001,0.037416573867739396,84
31,0.0003347873687744141,1.0677745820830082e-05,0.00016832351684570312,6.193378645559566e-06,1,0.1,2,auto,sigmoid,"{'C': 1, 'coef0': 0.1, 'degree': 2, 'gamma': 'auto', 'kernel': 'sigmoid'}",0.35,0.35,0.35,0.35,0.3,0.33999999999999997,0.019999999999999997,217
32,0.00021715164184570311,5.176264474911465e-06,0.0001418590545654297,2.8088906240507396e-06,1,0.1,3,scale,linear,"{'C': 1, 'coef0': 0.1, 'degree': 3, 'gamma': 'scale', 'kernel': 'linear'}",1.0,0.9,0.9,1.0,0.95,0.95,0.04472135954999579,1
33,0.0002616405487060547,2.6554564291380828e-05,0.00015158653259277343,5.391423807183292e-06,1,0.1,3,scale,poly,"{'C': 1, 'coef0': 0.1, 'degree': 3, 'gamma': 'scale', 'kernel': 'poly'}",0.95,0.9,0.9,0.95,1.0,0.9400000000000001,0.037416573867739396,84
34,0.00025773048400878906,3.9242857997054834e-05,0.0001674175262451172,9.418469394621537e-06,1,0.1,3,scale,rbf,"{'C': 1, 'coef0': 0.1, 'degree': 3, 'gamma': 'scale', 'kernel': 'rbf'}",1.0,0.85,0.9,1.0,0.9,0.93,0.06,131
35,0.0003376007080078125,7.757951526648226e-06,0.00015959739685058593,7.62939453125e-07,1,0.1,3,scale,sigmoid,"{'C': 1, 'coef0': 0.1, 'degree': 3, 'gamma': 'scale', 'kernel': 'sigmoid'}",0.35,0.35,0.35,0.35,0.2,0.31999999999999995,0.059999999999999984,253
36,0.00020132064819335937,6.91265879608922e-06,0.0001434803009033203,9.875710827308582e-06,1,0.1,3,auto,linear,"{'C': 1, 'coef0': 0.1, 'degree': 3, 'gamma': 'auto', 'kernel': 'linear'}",1.0,0.9,0.9,1.0,0.95,0.95,0.04472135954999579,1
37,0.00027780532836914064,8.519565584317376e-05,0.0001381397247314453,1.934572484502868e-06,1,0.1,3,auto,poly,"{'C': 1, 'coef0': 0.1, 'degree': 3, 'gamma': 'auto', 'kernel': 'poly'}",1.0,0.85,0.9,0.95,0.95,0.93,0.05099019513592784,131
38,0.00022759437561035157,9.410257788080046e-06,0.0001552581787109375,1.548069294047158e-06,1,0.1,3,auto,rbf,"{'C': 1, 'coef0': 0.1, 'degree': 3, 'gamma': 'auto', 'kernel': 'rbf'}",0.95,0.9,0.9,1.0,0.95,0.9400000000000001,0.037416573867739396,84
39,0.00033178329467773435,1.6013921243262177e-05,0.0001652240753173828,9.417986557136553e-06,1,0.1,3,auto,sigmoid,"{'C': 1, 'coef0': 0.1, 'degree': 3, 'gamma': 'auto', 'kernel': 'sigmoid'}",0.35,0.35,0.35,0.35,0.3,0.33999999999999997,0.019999999999999997,217
40,0.00021657943725585937,5.602785881299822e-06,0.00014085769653320311,1.2194358685058998e-06,1,0.1,4,scale,linear,"{'C': 1, 'coef0': 0.1, 'degree': 4, 'gamma': 'scale', 'kernel': 'linear'}",1.0,0.9,0.9,1.0,0.95,0.95,0.04472135954999579,1
41,0.0002572059631347656,3.0505803936318053e-05,0.00013895034790039061,1.2194358685058998e-06,1,0.1,4,scale,poly,"{'C': 1, 'coef0': 0.1, 'degree': 4, 'gamma': 'scale', 'kernel': 'poly'}",0.95,0.8,0.9,0.95,0.95,0.9099999999999999,0.05830951894845297,190
42,0.0002315044403076172,3.1951647887708577e-06,0.00016264915466308595,3.2036928238374376e-06,1,0.1,4,scale,rbf,"{'C': 1, 'coef0': 0.1, 'degree': 4, 'gamma': 'scale', 'kernel': 'rbf'}",1.0,0.85,0.9,1.0,0.9,0.93,0.06,131
43,0.0003379344940185547,6.234725619766675e-06,0.000164031982421875,8.999472384138931e-06,1,0.1,4,scale,sigmoid,"{'C': 1, 'coef0': 0.1, 'degree': 4, 'gamma': 'scale', 'kernel': 'sigmoid'}",0.35,0.35,0.35,0.35,0.2,0.31999999999999995,0.059999999999999984,253
44,0.0001979351043701172,3.982089919302552e-06,0.00013833045959472657,1.0160100818949946e-06,1,0.1,4,auto,linear,"{'C': 1, 'coef0': 0.1, 'degree': 4, 'gamma': 'auto', 'kernel': 'linear'}",1.0,0.9,0.9,1.0,0.95,0.95,0.04472135954999579,1
45,0.0015204906463623046,0.0012688287578223071,0.0001549243927001953,2.0711096872707517e-05,1,0.1,4,auto,poly,"{'C': 1, 'coef0': 0.1, 'degree': 4, 'gamma': 'auto', 'kernel': 'poly'}",0.95,0.8,0.9,0.95,0.95,0.9099999999999999,0.05830951894845297,190
46,0.00023455619812011718,7.221210336650695e-06,0.00015897750854492186,1.7675164215899123e-06,1,0.1,4,auto,rbf,"{'C': 1, 'coef0': 0.1, 'degree': 4, 'gamma': 'auto', 'kernel': 'rbf'}",0.95,0.9,0.9,1.0,0.95,0.9400000000000001,0.037416573867739396,84
47,0.00033559799194335935,1.4694478031608328e-05,0.00016798973083496094,1.2786528655745876e-05,1,0.1,4,auto,sigmoid,"{'C': 1, 'coef0': 0.1, 'degree': 4, 'gamma': 'auto', 'kernel': 'sigmoid'}",0.35,0.35,0.35,0.35,0.3,0.33999999999999997,0.019999999999999997,217
48,0.00021519660949707032,4.6929110585468645e-06,0.00013990402221679686,1.0160100818949946e-06,1,0.3,2,scale,linear,"{'C': 1, 'coef0': 0.3, 'degree': 2, 'gamma': 'scale', 'kernel': 'linear'}",1.0,0.9,0.9,1.0,0.95,0.95,0.04472135954999579,1
49,0.00022177696228027345,5.831077038230667e-06,0.00014166831970214845,2.258819443192866e-06,1,0.3,2,scale,poly,"{'C': 1, 'coef0': 0.3, 'degree': 2, 'gamma': 'scale', 'kernel': 'poly'}",0.95,0.9,0.95,1.0,0.95,0.95,0.031622776601683784,1
50,0.00024127960205078125,1.5812023700885916e-05,0.0001663684844970703,7.407723188096976e-06,1,0.3,2,scale,rbf,"{'C': 1, 'coef0': 0.3, 'degree': 2, 'gamma': 'scale', 'kernel': 'rbf'}",1.0,0.85,0.9,1.0,0.9,0.93,0.06,131
51,0.0003413677215576172,5.63071800961514e-06,0.00016222000122070312,3.211490295502231e-06,1,0.3,2,scale,sigmoid,"{'C': 1, 'coef0': 0.3, 'degree': 2, 'gamma': 'scale', 'kernel': 'sigmoid'}",0.35,0.35,0.35,0.35,0.2,0.31999999999999995,0.059999999999999984,253
52,0.00020418167114257812,1.0752228560436473e-05,0.00013885498046875,1.1641078582509711e-06,1,0.3,2,auto,linear,"{'C': 1, 'coef0': 0.3, 'degree': 2, 'gamma': 'auto', 'kernel': 'linear'}",1.0,0.9,0.9,1.0,0.95,0.95,0.04472135954999579,1
53,0.00021257400512695313,5.683370860102792e-06,0.00013823509216308593,7.893059424041199e-07,1,0.3,2,auto,poly,"{'C': 1, 'coef0': 0.3, 'degree': 2, 'gamma': 'auto', 'kernel': 'poly'}",0.95,0.8,0.9,0.95,0.95,0.9099999999999999,0.05830951894845297,190
54,0.00023870468139648439,1.1376739032310859e-05,0.00016026496887207032,3.7040150615574742e-06,1,0.3,2,auto,rbf,"{'C': 1, 'coef0': 0.3, 'degree': 2, 'gamma': 'auto', 'kernel': 'rbf'}",0.95,0.9,0.9,1.0,0.95,0.9400000000000001,0.037416573867739396,84
55,0.0003246784210205078,5.094352884821634e-06,0.0001613140106201172,1.5495373543998643e-06,1,0.3,2,auto,sigmoid,"{'C': 1, 'coef0': 0.3, 'degree': 2, 'gamma': 'auto', 'kernel': 'sigmoid'}",0.35,0.35,0.35,0.35,0.3,0.33999999999999997,0.019999999999999997,217
56,0.00021181106567382812,3.3125599733273327e-06,0.00013895034790039061,1.3852919622739745e-06,1,0.3,3,scale,linear,"{'C': 1, 'coef0': 0.3, 'degree': 3, 'gamma': 'scale', 'kernel': 'linear'}",1.0,0.9,0.9,1.0,0.95,0.95,0.04472135954999579,1
57,0.00023899078369140624,1.6306575927638584e-05,0.0001400470733642578,1.7688023558608443e-06,1,0.3,3,scale,poly,"{'C': 1, 'coef0': 0.3, 'degree': 3, 'gamma': 'scale', 'kernel': 'poly'}",0.95,0.9,0.9,1.0,1.0,0.95,0.04472135954999579,1
58,0.0002315044403076172,3.11590371183482e-06,0.00016303062438964843,2.323327582374541e-06,1,0.3,3,scale,rbf,"{'C': 1, 'coef0': 0.3, 'degree': 3, 'gamma': 'scale', 'kernel': 'rbf'}",1.0,0.85,0.9,1.0,0.9,0.93,0.06,131
59,0.0003415584564208984,7.837555241128675e-06,0.00015878677368164062,1.0227017683757409e-06,1,0.3,3,scale,sigmoid,"{'C': 1, 'coef0': 0.3, 'degree': 3, 'gamma': 'scale', 'kernel': 'sigmoid'}",0.35,0.35,0.35,0.35,0.2,0.31999999999999995,0.059999999999999984,253
60,0.00020580291748046876,4.926445586506623e-06,0.0001399993896484375,3.080678044359797e-06,1,0.3,3,auto,linear,"{'C': 1, 'coef0': 0.3, 'degree': 3, 'gamma': 'auto', 'kernel': 'linear'}",1.0,0.9,0.9,1.0,0.95,0.95,0.04472135954999579,1
61,0.0003085613250732422,0.00014859430243868466,0.00014238357543945314,5.7220458984375e-07,1,0.3,3,auto,poly,"{'C': 1, 'coef0': 0.3, 'degree': 3, 'gamma': 'auto', 'kernel': 'poly'}",1.0,0.85,0.9,1.0,0.95,0.9400000000000001,0.058309518948453015,84
62,0.00023398399353027343,6.2182929527223184e-06,0.0001598358154296875,3.440504838475694e-06,1,0.3,3,auto,rbf,"{'C': 1, 'coef0': 0.3, 'degree': 3, 'gamma': 'auto', 'kernel': 'rbf'}",0.95,0.9,0.9,1.0,0.95,0.9400000000000001,0.037416573867739396,84
63,0.00032367706298828123,4.873546361408704e-06,0.00016779899597167968,1.512964553503219e-05,1,0.3,3,auto,sigmoid,"{'C': 1, 'coef0': 0.3, 'degree': 3, 'gamma': 'auto', 'kernel': 'sigmoid'}",0.35,0.35,0.35,0.35,0.3,0.33999999999999997,0.019999999999999997,217
64,0.00023660659790039062,2.1487638953024912e-05,0.0001636505126953125,3.003377682329301e-05,1,0.3,4,scale,linear,"{'C': 1, 'coef0': 0.3, 'degree': 4, 'gamma': 'scale', 'kernel': 'linear'}",1.0,0.9,0.9,1.0,0.95,0.95,0.04472135954999579,1
65,0.0002857685089111328,8.645947921287983e-05,0.00014219284057617187,6.418022673946854e-06,1,0.3,4,scale,poly,"{'C': 1, 'coef0': 0.3, 'degree': 4, 'gamma': 'scale', 'kernel': 'poly'}",0.95,0.8,0.9,0.95,0.95,0.9099999999999999,0.05830951894845297,190
66,0.000235748291015625,5.91431874607607e-06,0.00016317367553710937,8.064048063892252e-07,1,0.3,4,scale,rbf,"{'C': 1, 'coef0': 0.3, 'degree': 4, 'gamma': 'scale', 'kernel': 'rbf'}",1.0,0.85,0.9,1.0,0.9,0.93,0.06,131
67,0.000406646728515625,5.4002223950063276e-05,0.00021300315856933593,6.227767114621492e-05,1,0.3,4,scale,sigmoid,"{'C': 1, 'coef0': 0.3, 'degree': 4, 'gamma': 'scale', 'kernel': 'sigmoid'}",0.35,0.35,0.35,0.35,0.2,0.31999999999999995,0.059999999999999984,253
68,0.00022420883178710937,3.0971151571185486e-05,0.00014963150024414063,8.955910771627558e-06,1,0.3,4,auto,linear,"{'C': 1, 'coef0': 0.3, 'degree': 4, 'gamma': 'auto', 'kernel': 'linear'}",1.0,0.9,0.9,1.0,0.95,0.95,0.04472135954999579,1
69,0.000861358642578125,0.0004818169063848995,0.0001651763916015625,2.5030726270542844e-05,1,0.3,4,auto,poly,"{'C': 1, 'coef0': 0.3, 'degree': 4, 'gamma': 'auto', 'kernel': 'poly'}",0.95,0.8,0.9,0.95,0.95,0.9099999999999999,0.05830951894845297,190
70,0.00025930404663085935,1.8417646197240845e-05,0.0001743793487548828,8.943207706070082e-06,1,0.3,4,auto,rbf,"{'C': 1, 'coef0': 0.3, 'degree': 4, 'gamma': 'auto', 'kernel': 'rbf'}",0.95,0.9,0.9,1.0,0.95,0.9400000000000001,0.037416573867739396,84
71,0.0005012035369873046,0.0001667351930262783,0.00019979476928710938,3.753014398144763e-05,1,0.3,4,auto,sigmoid,"{'C': 1, 'coef0': 0.3, 'degree': 4, 'gamma': 'auto', 'kernel': 'sigmoid'}",0.35,0.35,0.35,0.35,0.3,0.33999999999999997,0.019999999999999997,217
72,0.00033164024353027344,6.06425518035916e-05,0.00022830963134765626,0.00010343658644375741,1,0.5,2,scale,linear,"{'C': 1, 'coef0': 0.5, 'degree': 2, 'gamma': 'scale', 'kernel': 'linear'}",1.0,0.9,0.9,1.0,0.95,0.95,0.04472135954999579,1
73,0.0002368927001953125,1.0913843210239532e-05,0.00014753341674804686,3.7254381150483336e-06,1,0.5,2,scale,poly,"{'C': 1, 'coef0': 0.5, 'degree': 2, 'gamma': 'scale', 'kernel': 'poly'}",0.95,0.9,0.95,1.0,0.95,0.95,0.031622776601683784,1
74,0.0002620220184326172,3.012350579408703e-05,0.000173187255859375,1.2022160809615088e-05,1,0.5,2,scale,rbf,"{'C': 1, 'coef0': 0.5, 'degree': 2, 'gamma': 'scale', 'kernel': 'rbf'}",1.0,0.85,0.9,1.0,0.9,0.93,0.06,131
75,0.0003387928009033203,4.813457959478336e-06,0.00016183853149414061,1.1424206305228175e-06,1,0.5,2,scale,sigmoid,"{'C': 1, 'coef0': 0.5, 'degree': 2, 'gamma': 'scale', 'kernel': 'sigmoid'}",0.35,0.35,0.35,0.35,0.2,0.31999999999999995,0.059999999999999984,253
76,0.00019974708557128905,3.349420419470967e-06,0.00013833045959472657,5.519789172549355e-07,1,0.5,2,auto,linear,"{'C': 1, 'coef0': 0.5, 'degree': 2, 'gamma': 'auto', 'kernel': 'linear'}",1.0,0.9,0.9,1.0,0.95,0.95,0.04472135954999579,1
77,0.0002178192138671875,9.587391826491759e-06,0.0001388072967529297,5.917393515582494e-07,1,0.5,2,auto,poly,"{'C': 1, 'coef0': 0.5, 'degree': 2, 'gamma': 'auto', 'kernel': 'poly'}",0.95,0.8,0.9,0.95,0.95,0.9099999999999999,0.05830951894845297,190
78,0.000254058837890625,3.585599831937738e-05,0.00015935897827148437,2.5969026192074015e-06,1,0.5,2,auto,rbf,"{'C': 1, 'coef0': 0.5, 'degree': 2, 'gamma': 'auto', 'kernel': 'rbf'}",0.95,0.9,0.9,1.0,0.95,0.9400000000000001,0.037416573867739396,84
79,0.0003302574157714844,7.383127044197495e-06,0.00016036033630371094,4.90933901833868e-07,1,0.5,2,auto,sigmoid,"{'C': 1, 'coef0': 0.5, 'degree': 2, 'gamma': 'auto', 'kernel': 'sigmoid'}",0.35,0.35,0.35,0.35,0.3,0.33999999999999997,0.019999999999999997,217
80,0.00021500587463378905,2.6178316557523354e-06,0.0001384258270263672,1.3453231792131312e-06,1,0.5,3,scale,linear,"{'C': 1, 'coef0': 0.5, 'degree': 3, 'gamma': 'scale', 'kernel': 'linear'}",1.0,0.9,0.9,1.0,0.95,0.95,0.04472135954999579,1
81,0.0002494335174560547,2.5101932681275805e-05,0.00016355514526367188,2.9948258716549335e-05,1,0.5,3,scale,poly,"{'C': 1, 'coef0': 0.5, 'degree': 3, 'gamma': 'scale', 'kernel': 'poly'}",0.95,0.9,0.9,1.0,0.95,0.9400000000000001,0.037416573867739396,84
82,0.0002399444580078125,8.066303426281166e-06,0.00016317367553710937,1.1738332390872165e-06,1,0.5,3,scale,rbf,"{'C': 1, 'coef0': 0.5, 'degree': 3, 'gamma': 'scale', 'kernel': 'rbf'}",1.0,0.85,0.9,1.0,0.9,0.93,0.06,131
83,0.00033884048461914064,4.907949386093545e-06,0.00016298294067382813,6.057145884781043e-06,1,0.5,3,scale,sigmoid,"{'C': 1, 'coef0': 0.5, 'degree': 3, 'gamma': 'scale', 'kernel': 'sigmoid'}",0.35,0.35,0.35,0.35,0.2,0.31999999999999995,0.059999999999999984,253
84,0.0002105712890625,1.1218753241998268e-05,0.00015120506286621095,1.7565091379094482e-05,1,0.5,3,auto,linear,"{'C': 1, 'coef0': 0.5, 'degree': 3, 'gamma': 'auto', 'kernel': 'linear'}",1.0,0.9,0.9,1.0,0.95,0.95,0.04472135954999579,1
85,0.0003748893737792969,0.00024442705287606553,0.00014138221740722656,1.8282212746315778e-06,1,0.5,3,auto,poly,"{'C': 1, 'coef0': 0.5, 'degree': 3, 'gamma': 'auto', 'kernel': 'poly'}",1.0,0.85,0.9,1.0,0.95,0.9400000000000001,0.058309518948453015,84
86,0.00023288726806640624,7.597139841710828e-06,0.00015687942504882812,1.8094697915087009e-06,1,0.5,3,auto,rbf,"{'C': 1, 'coef0': 0.5, 'degree': 3, 'gamma': 'auto', 'kernel': 'rbf'}",0.95,0.9,0.9,1.0,0.95,0.9400000000000001,0.037416573867739396,84
87,0.0003409862518310547,1.76322749916325e-05,0.00016837120056152345,9.538411948110382e-06,1,0.5,3,auto,sigmoid,"{'C': 1, 'coef0': 0.5, 'degree': 3, 'gamma': 'auto', 'kernel': 'sigmoid'}",0.35,0.35,0.35,0.35,0.3,0.33999999999999997,0.019999999999999997,217
88,0.0002216339111328125,7.293582460403021e-06,0.00014204978942871093,2.182018506745825e-06,1,0.5,4,scale,linear,"{'C': 1, 'coef0': 0.5, 'degree': 4, 'gamma': 'scale', 'kernel': 'linear'}",1.0,0.9,0.9,1.0,0.95,0.95,0.04472135954999579,1
89,0.00026092529296875,4.160212236364054e-05,0.00014066696166992188,2.0454035367514818e-06,1,0.5,4,scale,poly,"{'C': 1, 'coef0': 0.5, 'degree': 4, 'gamma': 'scale', 'kernel': 'poly'}",0.95,0.85,0.9,0.95,0.95,0.9199999999999999,0.03999999999999998,177
90,0.00024328231811523437,1.2994665590336318e-05,0.00016922950744628905,3.4099691731989145e-06,1,0.5,4,scale,rbf,"{'C': 1, 'coef0': 0.5, 'degree': 4, 'gamma': 'scale', 'kernel': 'rbf'}",1.0,0.85,0.9,1.0,0.9,0.93,0.06,131
91,0.00038137435913085935,3.674574093242121e-05,0.00018014907836914063,9.338706920821859e-06,1,0.5,4,scale,sigmoid,"{'C': 1, 'coef0': 0.5, 'degree': 4, 'gamma': 'scale', 'kernel': 'sigmoid'}",0.35,0.35,0.35,0.35,0.2,0.31999999999999995,0.059999999999999984,253
92,0.00021457672119140625,1.074842148841895e-05,0.00014586448669433593,4.271353850661981e-06,1,0.5,4,auto,linear,"{'C': 1, 'coef0': 0.5, 'degree': 4, 'gamma': 'auto', 'kernel': 'linear'}",1.0,0.9,0.9,1.0,0.95,0.95,0.04472135954999579,1
93,0.0010636806488037109,0.0007910474740961577,0.0001423358917236328,5.74781654560248e-06,1,0.5,4,auto,poly,"{'C': 1, 'coef0': 0.5, 'degree': 4, 'gamma': 'auto', 'kernel': 'poly'}",0.95,0.8,0.9,0.95,0.95,0.9099999999999999,0.05830951894845297,190
94,0.00023293495178222656,1.0567081527563382e-05,0.00015888214111328124,4.714663350795088e-06,1,0.5,4,auto,rbf,"{'C': 1, 'coef0': 0.5, 'degree': 4, 'gamma': 'auto', 'kernel': 'rbf'}",0.95,0.9,0.9,1.0,0.95,0.9400000000000001,0.037416573867739396,84
95,0.00032367706298828123,6.370016178911886e-06,0.00016698837280273437,1.262907511959643e-05,1,0.5,4,auto,sigmoid,"{'C': 1, 'coef0': 0.5, 'degree': 4, 'gamma': 'auto', 'kernel': 'sigmoid'}",0.35,0.35,0.35,0.35,0.3,0.33999999999999997,0.019999999999999997,217
96,0.00021419525146484374,3.3939284609364023e-06,0.00013957023620605468,4.672030911985737e-07,3,0.0,2,scale,linear,"{'C': 3, 'coef0': 0.0, 'degree': 2, 'gamma': 'scale', 'kernel': 'linear'}",0.95,0.9,0.9,1.0,1.0,0.95,0.04472135954999579,1
97,0.00021834373474121093,4.559720263626831e-06,0.0001384258270263672,7.62939453125e-07,3,0.0,2,scale,poly,"{'C': 3, 'coef0': 0.0, 'degree': 2, 'gamma': 'scale', 'kernel': 'poly'}",0.95,0.9,0.9,1.0,0.95,0.9400000000000001,0.037416573867739396,84
98,0.00022554397583007812,3.461588175369556e-06,0.0001537322998046875,8.313939940530154e-07,3,0.0,2,scale,rbf,"{'C': 3, 'coef0': 0.0, 'degree': 2, 'gamma': 'scale', 'kernel': 'rbf'}",0.95,0.9,0.9,1.0,0.95,0.9400000000000001,0.037416573867739396,84
99,0.0003772735595703125,2.2398457980818096e-05,0.0001911163330078125,2.5622888067025445e-05,3,0.0,2,scale,sigmoid,"{'C': 3, 'coef0': 0.0, 'degree': 2, 'gamma': 'scale', 'kernel': 'sigmoid'}",0.35,0.35,0.35,0.35,0.2,0.31999999999999995,0.059999999999999984,253
100,0.00021820068359375,6.047378106112552e-06,0.00014772415161132813,1.6559367517648065e-06,3,0.0,2,auto,linear,"{'C': 3, 'coef0': 0.0, 'degree': 2, 'gamma': 'auto', 'kernel': 'linear'}",0.95,0.9,0.9,1.0,1.0,0.95,0.04472135954999579,1
101,0.00025196075439453124,4.66453992372066e-05,0.00014529228210449218,4.422005889652111e-07,3,0.0,2,auto,poly,"{'C': 3, 'coef0': 0.0, 'degree': 2, 'gamma': 'auto', 'kernel': 'poly'}",0.95,0.85,0.9,1.0,1.0,0.9399999999999998,0.05830951894845301,127
102,0.00026841163635253905,4.949202183950326e-05,0.00018115043640136718,3.1854506688183534e-05,3,0.0,2,auto,rbf,"{'C': 3, 'coef0': 0.0, 'degree': 2, 'gamma': 'auto', 'kernel': 'rbf'}",0.95,0.85,0.9,1.0,0.95,0.9299999999999999,0.05099019513592785,149
103,0.0003571033477783203,1.0982171570418484e-05,0.00018110275268554688,6.077756766481156e-06,3,0.0,2,auto,sigmoid,"{'C': 3, 'coef0': 0.0, 'degree': 2, 'gamma': 'auto', 'kernel': 'sigmoid'}",0.35,0.35,0.35,0.35,0.3,0.33999999999999997,0.019999999999999997,217
104,0.00023369789123535157,9.594266973898426e-06,0.00014781951904296875,3.191604715477278e-06,3,0.0,3,scale,linear,"{'C': 3, 'coef0': 0.0, 'degree': 3, 'gamma': 'scale', 'kernel': 'linear'}",0.95,0.9,0.9,1.0,1.0,0.95,0.04472135954999579,1
105,0.0002758502960205078,2.812207527773599e-05,0.0001628398895263672,1.8028606963548243e-05,3,0.0,3,scale,poly,"{'C': 3, 'coef0': 0.0, 'degree': 3, 'gamma': 'scale', 'kernel': 'poly'}",0.95,0.8,0.9,0.95,0.95,0.9099999999999999,0.05830951894845297,190
106,0.00025730133056640626,2.124222572764238e-05,0.00017142295837402344,7.759416811679074e-06,3,0.0,3,scale,rbf,"{'C': 3, 'coef0': 0.0, 'degree': 3, 'gamma': 'scale', 'kernel': 'rbf'}",0.95,0.9,0.9,1.0,0.95,0.9400000000000001,0.037416573867739396,84
107,0.0003547191619873047,6.326678577660364e-06,0.00016775131225585938,2.7167166773308015e-06,3,0.0,3,scale,sigmoid,"{'C': 3, 'coef0': 0.0, 'degree': 3, 'gamma': 'scale', 'kernel': 'sigmoid'}",0.35,0.35,0.35,0.35,0.2,0.31999999999999995,0.059999999999999984,253
108,0.0002166748046875,6.9057479455496706e-06,0.00015163421630859375,7.272352914160298e-06,3,0.0,3,auto,linear,"{'C': 3, 'coef0': 0.0, 'degree': 3, 'gamma': 'auto', 'kernel': 'linear'}",0.95,0.9,0.9,1.0,1.0,0.95,0.04472135954999579,1
109,0.0004250049591064453,0.0002757821250233964,0.00014481544494628906,2.6489151787435814e-06,3,0.0,3,auto,poly,"{'C': 3, 'coef0': 0.0, 'degree': 3, 'gamma': 'auto', 'kernel': 'poly'}",1.0,0.8,0.9,0.95,0.95,0.9200000000000002,0.06782329983125265,174
110,0.00023455619812011718,6.230712747766297e-06,0.00016303062438964843,1.8675952937666073e-06,3,0.0,3,auto,rbf,"{'C': 3, 'coef0': 0.0, 'degree': 3, 'gamma': 'auto', 'kernel': 'rbf'}",0.95,0.85,0.9,1.0,0.95,0.9299999999999999,0.05099019513592785,149
111,0.00042724609375,6.059078787909147e-05,0.00023479461669921874,4.373415659156451e-05,3,0.0,3,auto,sigmoid,"{'C': 3, 'coef0': 0.0, 'degree': 3, 'gamma': 'auto', 'kernel': 'sigmoid'}",0.35,0.35,0.35,0.35,0.3,0.33999999999999997,0.019999999999999997,217
112,0.00023145675659179686,1.4704377678976662e-05,0.00014553070068359374,6.153971025429412e-06,3,0.0,4,scale,linear,"{'C': 3, 'coef0': 0.0, 'degree': 4, 'gamma': 'scale', 'kernel': 'linear'}",0.95,0.9,0.9,1.0,1.0,0.95,0.04472135954999579,1
113,0.0002887248992919922,5.547012045178501e-05,0.00014433860778808593,7.942738821620612e-06,3,0.0,4,scale,poly,"{'C': 3, 'coef0': 0.0, 'degree': 4, 'gamma': 'scale', 'kernel': 'poly'}",0.95,0.95,0.9,0.95,0.95,0.9400000000000001,0.019999999999999976,84
114,0.00023999214172363282,2.6197678224956848e-05,0.00015816688537597656,2.5482920104765677e-06,3,0.0,4,scale,rbf,"{'C': 3, 'coef0': 0.0, 'degree': 4, 'gamma': 'scale', 'kernel': 'rbf'}",0.95,0.9,0.9,1.0,0.95,0.9400000000000001,0.037416573867739396,84
115,0.0003396511077880859,3.7382330174483564e-06,0.0001610279083251953,1.248912892695312e-06,3,0.0,4,scale,sigmoid,"{'C': 3, 'coef0': 0.0, 'degree': 4, 'gamma': 'scale', 'kernel': 'sigmoid'}",0.35,0.35,0.35,0.35,0.2,0.31999999999999995,0.059999999999999984,253
116,0.000203704833984375,4.164074505733642e-06,0.00014090538024902344,1.4927364199160125e-06,3,0.0,4,auto,linear,"{'C': 3, 'coef0': 0.0, 'degree': 4, 'gamma': 'auto', 'kernel': 'linear'}",0.95,0.9,0.9,1.0,1.0,0.95,0.04472135954999579,1
117,0.003466176986694336,0.003795316882042607,0.00016016960144042968,2.2607010090694663e-05,3,0.0,4,auto,poly,"{'C': 3, 'coef0': 0.0, 'degree': 4, 'gamma': 'auto', 'kernel': 'poly'}",0.95,0.8,0.9,0.95,0.95,0.9099999999999999,0.05830951894845297,190
118,0.0002261638641357422,6.166889082400866e-06,0.00015439987182617188,2.3775006985317058e-06,3,0.0,4,auto,rbf,"{'C': 3, 'coef0': 0.0, 'degree': 4, 'gamma': 'auto', 'kernel': 'rbf'}",0.95,0.85,0.9,1.0,0.95,0.9299999999999999,0.05099019513592785,149
119,0.0003270149230957031,4.8360786031753915e-06,0.000159454345703125,6.810596874754762e-07,3,0.0,4,auto,sigmoid,"{'C': 3, 'coef0': 0.0, 'degree': 4, 'gamma': 'auto', 'kernel': 'sigmoid'}",0.35,0.35,0.35,0.35,0.3,0.33999999999999997,0.019999999999999997,217
120,0.0002170562744140625,3.875603823893758e-06,0.0001399517059326172,3.6471029617257965e-06,3,0.1,2,scale,linear,"{'C': 3, 'coef0': 0.1, 'degree': 2, 'gamma': 'scale', 'kernel': 'linear'}",0.95,0.9,0.9,1.0,1.0,0.95,0.04472135954999579,1
121,0.00023560523986816407,1.2517679285512509e-05,0.00015473365783691406,1.1286041510791044e-05,3,0.1,2,scale,poly,"{'C': 3, 'coef0': 0.1, 'degree': 2, 'gamma': 'scale', 'kernel': 'poly'}",0.95,0.9,0.9,1.0,0.95,0.9400000000000001,0.037416573867739396,84
122,0.00023140907287597657,2.695711903591646e-06,0.0001572132110595703,1.6559367517648063e-06,3,0.1,2,scale,rbf,"{'C': 3, 'coef0': 0.1, 'degree': 2, 'gamma': 'scale', 'kernel': 'rbf'}",0.95,0.9,0.9,1.0,0.95,0.9400000000000001,0.037416573867739396,84
123,0.0003391265869140625,4.250542583096801e-06,0.00016083717346191407,1.5124084021714883e-06,3,0.1,2,scale,sigmoid,"{'C': 3, 'coef0': 0.1, 'degree': 2, 'gamma': 'scale', 'kernel': 'sigmoid'}",0.35,0.35,0.35,0.35,0.2,0.31999999999999995,0.059999999999999984,253
124,0.00020813941955566406,1.2035770379368458e-05,0.00013933181762695312,2.0980834960937497e-06,3,0.1,2,auto,linear,"{'C': 3, 'coef0': 0.1, 'degree': 2, 'gamma': 'auto', 'kernel': 'linear'}",0.95,0.9,0.9,1.0,1.0,0.95,0.04472135954999579,1
125,0.00024361610412597655,4.933004276311409e-05,0.00013794898986816407,1.4896869041264828e-06,3,0.1,2,auto,poly,"{'C': 3, 'coef0': 0.1, 'degree': 2, 'gamma': 'auto', 'kernel': 'poly'}",0.95,0.85,0.9,1.0,1.0,0.9399999999999998,0.05830951894845301,127
126,0.00022292137145996094,8.844011779304222e-06,0.0001518726348876953,2.431401974483864e-06,3,0.1,2,auto,rbf,"{'C': 3, 'coef0': 0.1, 'degree': 2, 'gamma': 'auto', 'kernel': 'rbf'}",0.95,0.85,0.9,1.0,0.95,0.9299999999999999,0.05099019513592785,149
127,0.000330352783203125,1.0393081268616243e-05,0.00016126632690429687,1.9810274198380457e-06,3,0.1,2,auto,sigmoid,"{'C': 3, 'coef0': 0.1, 'degree': 2, 'gamma': 'auto', 'kernel': 'sigmoid'}",0.35,0.35,0.35,0.35,0.3,0.33999999999999997,0.019999999999999997,217
128,0.00021266937255859375,5.012463579566154e-06,0.00013699531555175782,1.4193416658532349e-06,3,0.1,3,scale,linear,"{'C': 3, 'coef0': 0.1, 'degree': 3, 'gamma': 'scale', 'kernel': 'linear'}",0.95,0.9,0.9,1.0,1.0,0.95,0.04472135954999579,1
129,0.00024657249450683595,2.1697610235973677e-05,0.0001366138458251953,8.395584517316346e-07,3,0.1,3,scale,poly,"{'C': 3, 'coef0': 0.1, 'degree': 3, 'gamma': 'scale', 'kernel': 'poly'}",0.95,0.8,0.9,0.95,0.95,0.9099999999999999,0.05830951894845297,190
130,0.00022401809692382813,1.2848085007960777e-06,0.00015320777893066407,1.2848085007960777e-06,3,0.1,3,scale,rbf,"{'C': 3, 'coef0': 0.1, 'degree': 3, 'gamma': 'scale', 'kernel': 'rbf'}",0.95,0.9,0.9,1.0,0.95,0.9400000000000001,0.037416573867739396,84
131,0.00035986900329589846,2.415668526677527e-05,0.0001728057861328125,1.0448502118835669e-05,3,0.1,3,scale,sigmoid,"{'C': 3, 'coef0': 0.1, 'degree': 3, 'gamma': 'scale', 'kernel': 'sigmoid'}",0.35,0.35,0.35,0.35,0.2,0.31999999999999995,0.059999999999999984,253
132,0.0002056121826171875,4.845472704109285e-06,0.00014138221740722656,1.3737545290840085e-06,3,0.1,3,auto,linear,"{'C': 3, 'coef0': 0.1, 'degree': 3, 'gamma': 'auto', 'kernel': 'linear'}",0.95,0.9,0.9,1.0,1.0,0.95,0.04472135954999579,1
133,0.0005859851837158204,0.0006272120550300282,0.00014023780822753907,3.839649608458976e-06,3,0.1,3,auto,poly,"{'C': 3, 'coef0': 0.1, 'degree': 3, 'gamma': 'auto', 'kernel': 'poly'}",1.0,0.8,0.9,0.95,0.95,0.9200000000000002,0.06782329983125265,174
134,0.00022864341735839844,9.481748323503105e-06,0.00016083717346191407,1.2761609176470239e-05,3,0.1,3,auto,rbf,"{'C': 3, 'coef0': 0.1, 'degree': 3, 'gamma': 'auto', 'kernel': 'rbf'}",0.95,0.85,0.9,1.0,0.95,0.9299999999999999,0.05099019513592785,149
135,0.0003280162811279297,7.761467745982708e-06,0.0001598358154296875,1.1641078582509711e-06,3,0.1,3,auto,sigmoid,"{'C': 3, 'coef0': 0.1, 'degree': 3, 'gamma': 'auto', 'kernel': 'sigmoid'}",0.35,0.35,0.35,0.35,0.3,0.33999999999999997,0.019999999999999997,217
136,0.00021581649780273439,4.557226296222825e-06,0.0001384258270263672,1.2936267820597206e-06,3,0.1,4,scale,linear,"{'C': 3, 'coef0': 0.1, 'degree': 4, 'gamma': 'scale', 'kernel': 'linear'}",0.95,0.9,0.9,1.0,1.0,0.95,0.04472135954999579,1
137,0.0002890586853027344,6.115213003404114e-05,0.00015897750854492186,1.5670758259436855e-05,3,0.1,4,scale,poly,"{'C': 3, 'coef0': 0.1, 'degree': 4, 'gamma': 'scale', 'kernel': 'poly'}",0.95,0.9,0.9,0.95,0.95,0.93,0.024494897427831747,131
138,0.0002281665802001953,3.071808511430055e-06,0.00015745162963867187,1.2025375569265835e-06,3,0.1,4,scale,rbf,"{'C': 3, 'coef0': 0.1, 'degree': 4, 'gamma': 'scale', 'kernel': 'rbf'}",0.95,0.9,0.9,1.0,0.95,0.9400000000000001,0.037416573867739396,84
139,0.00033502578735351564,3.036071277567216e-06,0.00016036033630371094,9.725607897935458e-07,3,0.1,4,scale,sigmoid,"{'C': 3, 'coef0': 0.1, 'degree': 4, 'gamma': 'scale', 'kernel': 'sigmoid'}",0.35,0.35,0.35,0.35,0.2,0.31999999999999995,0.059999999999999984,253
140,0.00020456314086914062,8.448230389947384e-06,0.00014462471008300782,9.378794169932974e-06,3,0.1,4,auto,linear,"{'C': 3, 'coef0': 0.1, 'degree': 4, 'gamma': 'auto', 'kernel': 'linear'}",0.95,0.9,0.9,1.0,1.0,0.95,0.04472135954999579,1
141,0.0015290260314941406,0.0012807055464548712,0.00014934539794921874,8.70616381914307e-06,3,0.1,4,auto,poly,"{'C': 3, 'coef0': 0.1, 'degree': 4, 'gamma': 'auto', 'kernel': 'poly'}",0.95,0.8,0.9,0.95,0.95,0.9099999999999999,0.05830951894845297,190
142,0.00023584365844726564,1.0726610588685185e-05,0.00017557144165039062,3.480832869809864e-05,3,0.1,4,auto,rbf,"{'C': 3, 'coef0': 0.1, 'degree': 4, 'gamma': 'auto', 'kernel': 'rbf'}",0.95,0.85,0.9,1.0,0.95,0.9299999999999999,0.05099019513592785,149
143,0.0003201484680175781,3.863263912301844e-06,0.0001609325408935547,1.9251469839273785e-06,3,0.1,4,auto,sigmoid,"{'C': 3, 'coef0': 0.1, 'degree': 4, 'gamma': 'auto', 'kernel': 'sigmoid'}",0.35,0.35,0.35,0.35,0.3,0.33999999999999997,0.019999999999999997,217
144,0.0002335071563720703,2.9541437780500724e-05,0.0001461029052734375,1.1553243805624245e-05,3,0.3,2,scale,linear,"{'C': 3, 'coef0': 0.3, 'degree': 2, 'gamma': 'scale', 'kernel': 'linear'}",0.95,0.9,0.9,1.0,1.0,0.95,0.04472135954999579,1
145,0.00022282600402832032,6.027040599565491e-06,0.0001419544219970703,2.9877567668572504e-06,3,0.3,2,scale,poly,"{'C': 3, 'coef0': 0.3, 'degree': 2, 'gamma': 'scale', 'kernel': 'poly'}",0.95,0.9,0.9,1.0,0.95,0.9400000000000001,0.037416573867739396,84
146,0.00022706985473632812,2.284841261045635e-06,0.00015535354614257813,1.6142187957583194e-06,3,0.3,2,scale,rbf,"{'C': 3, 'coef0': 0.3, 'degree': 2, 'gamma': 'scale', 'kernel': 'rbf'}",0.95,0.9,0.9,1.0,0.95,0.9400000000000001,0.037416573867739396,84
147,0.0003430366516113281,1.0059342946696667e-05,0.00016565322875976561,8.533120520884526e-06,3,0.3,2,scale,sigmoid,"{'C': 3, 'coef0': 0.3, 'degree': 2, 'gamma': 'scale', 'kernel': 'sigmoid'}",0.35,0.35,0.35,0.35,0.2,0.31999999999999995,0.059999999999999984,253
148,0.0002216339111328125,1.2576755187998168e-05,0.00015478134155273439,1.6157956216394966e-05,3,0.3,2,auto,linear,"{'C': 3, 'coef0': 0.3, 'degree': 2, 'gamma': 'auto', 'kernel': 'linear'}",0.95,0.9,0.9,1.0,1.0,0.95,0.04472135954999579,1
149,0.0002528190612792969,6.355590028789328e-05,0.00014252662658691405,5.638788413656037e-06,3,0.3,2,auto,poly,"{'C': 3, 'coef0': 0.3, 'degree': 2, 'gamma': 'auto', 'kernel': 'poly'}",0.95,0.85,0.9,1.0,1.0,0.9399999999999998,0.05830951894845301,127
150,0.00022311210632324218,6.410578608800438e-06,0.00015387535095214843,1.998169597602554e-06,3,0.3,2,auto,rbf,"{'C': 3, 'coef0': 0.3, 'degree': 2, 'gamma': 'auto', 'kernel': 'rbf'}",0.95,0.85,0.9,1.0,0.95,0.9299999999999999,0.05099019513592785,149
151,0.00032858848571777345,1.2382534647574749e-05,0.0001686573028564453,1.3971898324441863e-05,3,0.3,2,auto,sigmoid,"{'C': 3, 'coef0': 0.3, 'degree': 2, 'gamma': 'auto', 'kernel': 'sigmoid'}",0.35,0.35,0.35,0.35,0.3,0.33999999999999997,0.019999999999999997,217
152,0.00021357536315917968,8.853519123619705e-06,0.00014023780822753907,3.1391678982987953e-06,3,0.3,3,scale,linear,"{'C': 3, 'coef0': 0.3, 'degree': 3, 'gamma': 'scale', 'kernel': 'linear'}",0.95,0.9,0.9,1.0,1.0,0.95,0.04472135954999579,1
153,0.00024743080139160155,3.531474150246043e-05,0.000140380859375,3.74370316055117e-06,3,0.3,3,scale,poly,"{'C': 3, 'coef0': 0.3, 'degree': 3, 'gamma': 'scale', 'kernel': 'poly'}",0.95,0.8,0.9,0.95,0.95,0.9099999999999999,0.05830951894845297,190
154,0.00023069381713867188,1.877891039611817e-05,0.00015692710876464845,6.060523371054657e-06,3,0.3,3,scale,rbf,"{'C': 3, 'coef0': 0.3, 'degree': 3, 'gamma': 'scale', 'kernel': 'rbf'}",0.95,0.9,0.9,1.0,0.95,0.9400000000000001,0.037416573867739396,84
155,0.0003359794616699219,3.585485686704151e-06,0.00016088485717773436,2.47955322265625e-06,3,0.3,3,scale,sigmoid,"{'C': 3, 'coef0': 0.3, 'degree': 3, 'gamma': 'scale', 'kernel': 'sigmoid'}",0.35,0.35,0.35,0.35,0.2,0.31999999999999995,0.059999999999999984,253
156,0.0002029895782470703,2.737560290223565e-06,0.0001381397247314453,1.2936267820597206e-06,3,0.3,3,auto,linear,"{'C': 3, 'coef0': 0.3, 'degree': 3, 'gamma': 'auto', 'kernel': 'linear'}",0.95,0.9,0.9,1.0,1.0,0.95,0.04472135954999579,1
157,0.00047621726989746096,0.00043292548477860465,0.00014271736145019532,6.470945531344367e-06,3,0.3,3,auto,poly,"{'C': 3, 'coef0': 0.3, 'degree': 3, 'gamma': 'auto', 'kernel': 'poly'}",1.0,0.8,0.9,1.0,0.95,0.93,0.0748331477354788,131
158,0.00022559165954589845,5.522671891752682e-06,0.00015921592712402343,9.034019430109374e-06,3,0.3,3,auto,rbf,"{'C': 3, 'coef0': 0.3, 'degree': 3, 'gamma': 'auto', 'kernel': 'rbf'}",0.95,0.85,0.9,1.0,0.95,0.9299999999999999,0.05099019513592785,149
159,0.00032548904418945314,1.0330322397317836e-05,0.0001609325408935547,2.2212628743843298e-06,3,0.3,3,auto,sigmoid,"{'C': 3, 'coef0': 0.3, 'degree': 3, 'gamma': 'auto', 'kernel': 'sigmoid'}",0.35,0.35,0.35,0.35,0.3,0.33999999999999997,0.019999999999999997,217
160,0.00021615028381347657,8.686554433870255e-06,0.0001388072967529297,2.3525040404403705e-06,3,0.3,4,scale,linear,"{'C': 3, 'coef0': 0.3, 'degree': 4, 'gamma': 'scale', 'kernel': 'linear'}",0.95,0.9,0.9,1.0,1.0,0.95,0.04472135954999579,1
161,0.0002972126007080078,7.690994609981343e-05,0.00013909339904785156,2.183060291721267e-06,3,0.3,4,scale,poly,"{'C': 3, 'coef0': 0.3, 'degree': 4, 'gamma': 'scale', 'kernel': 'poly'}",1.0,0.85,0.9,0.95,0.95,0.93,0.05099019513592784,131
162,0.00022830963134765626,5.657306652055318e-06,0.00015516281127929686,1.5986494650116166e-06,3,0.3,4,scale,rbf,"{'C': 3, 'coef0': 0.3, 'degree': 4, 'gamma': 'scale', 'kernel': 'rbf'}",0.95,0.9,0.9,1.0,0.95,0.9400000000000001,0.037416573867739396,84
163,0.000337982177734375,3.5638593561276998e-06,0.00016155242919921876,2.224331624925728e-06,3,0.3,4,scale,sigmoid,"{'C': 3, 'coef0': 0.3, 'degree': 4, 'gamma': 'scale', 'kernel': 'sigmoid'}",0.35,0.35,0.35,0.35,0.2,0.31999999999999995,0.059999999999999984,253
164,0.00020999908447265624,1.19527392353385e-05,0.00014028549194335937,3.4799313145673636e-06,3,0.3,4,auto,linear,"{'C': 3, 'coef0': 0.3, 'degree': 4, 'gamma': 'auto', 'kernel': 'linear'}",0.95,0.9,0.9,1.0,1.0,0.95,0.04472135954999579,1
165,0.0008300304412841797,0.0004950855938773885,0.00013799667358398436,1.2194358685058998e-06,3,0.3,4,auto,poly,"{'C': 3, 'coef0': 0.3, 'degree': 4, 'gamma': 'auto', 'kernel': 'poly'}",0.95,0.8,0.9,0.95,0.95,0.9099999999999999,0.05830951894845297,190
166,0.00022797584533691407,1.4216146372381032e-05,0.00016016960144042968,1.521506601746349e-05,3,0.3,4,auto,rbf,"{'C': 3, 'coef0': 0.3, 'degree': 4, 'gamma': 'auto', 'kernel': 'rbf'}",0.95,0.85,0.9,1.0,0.95,0.9299999999999999,0.05099019513592785,149
167,0.0003253936767578125,4.7859820375917825e-06,0.00016036033630371094,1.4972990482432918e-06,3,0.3,4,auto,sigmoid,"{'C': 3, 'coef0': 0.3, 'degree': 4, 'gamma': 'auto', 'kernel': 'sigmoid'}",0.35,0.35,0.35,0.35,0.3,0.33999999999999997,0.019999999999999997,217
168,0.00021562576293945312,8.610311296057783e-06,0.00013723373413085938,1.1641078582509711e-06,3,0.5,2,scale,linear,"{'C': 3, 'coef0': 0.5, 'degree': 2, 'gamma': 'scale', 'kernel': 'linear'}",0.95,0.9,0.9,1.0,1.0,0.95,0.04472135954999579,1
169,0.00021486282348632814,2.488706274166086e-06,0.00013837814331054687,5.135693366178993e-07,3,0.5,2,scale,poly,"{'C': 3, 'coef0': 0.5, 'degree': 2, 'gamma': 'scale', 'kernel': 'poly'}",0.95,0.9,0.9,1.0,0.95,0.9400000000000001,0.037416573867739396,84
170,0.00023717880249023436,9.652154670129874e-06,0.00015916824340820313,3.107134734658224e-06,3,0.5,2,scale,rbf,"{'C': 3, 'coef0': 0.5, 'degree': 2, 'gamma': 'scale', 'kernel': 'rbf'}",0.95,0.9,0.9,1.0,0.95,0.9400000000000001,0.037416573867739396,84
171,0.0003387928009033203,3.4942762299654505e-06,0.00016641616821289062,7.60402036196734e-06,3,0.5,2,scale,sigmoid,"{'C': 3, 'coef0': 0.5, 'degree': 2, 'gamma': 'scale', 'kernel': 'sigmoid'}",0.35,0.35,0.35,0.35,0.2,0.31999999999999995,0.059999999999999984,253
172,0.00020537376403808593,7.959896255543224e-06,0.00013761520385742189,1.4805006691226983e-06,3,0.5,2,auto,linear,"{'C': 3, 'coef0': 0.5, 'degree': 2, 'gamma': 'auto', 'kernel': 'linear'}",0.95,0.9,0.9,1.0,1.0,0.95,0.04472135954999579,1
173,0.0002608776092529297,6.54821564697259e-05,0.00013742446899414062,1.5929501617899003e-06,3,0.5,2,auto,poly,"{'C': 3, 'coef0': 0.5, 'degree': 2, 'gamma': 'auto', 'kernel': 'poly'}",0.95,0.85,0.9,1.0,1.0,0.9399999999999998,0.05830951894845301,127
174,0.0002223491668701172,5.130377829098802e-06,0.00015316009521484374,2.177846383413169e-06,3,0.5,2,auto,rbf,"{'C': 3, 'coef0': 0.5, 'degree': 2, 'gamma': 'auto', 'kernel': 'rbf'}",0.95,0.85,0.9,1.0,0.95,0.9299999999999999,0.05099019513592785,149
175,0.0003220081329345703,5.040960421143536e-06,0.00015892982482910157,1.1344315770502394e-06,3,0.5,2,auto,sigmoid,"{'C': 3, 'coef0': 0.5, 'degree': 2, 'gamma': 'auto', 'kernel': 'sigmoid'}",0.35,0.35,0.35,0.35,0.3,0.33999999999999997,0.019999999999999997,217
176,0.00021147727966308594,2.6973983046972182e-06,0.00013718605041503906,8.064048063892252e-07,3,0.5,3,scale,linear,"{'C': 3, 'coef0': 0.5, 'degree': 3, 'gamma': 'scale', 'kernel': 'linear'}",0.95,0.9,0.9,1.0,1.0,0.95,0.04472135954999579,1
177,0.00023245811462402344,4.093585211054755e-06,0.0001415252685546875,2.859433050263395e-06,3,0.5,3,scale,poly,"{'C': 3, 'coef0': 0.5, 'degree': 3, 'gamma': 'scale', 'kernel': 'poly'}",0.95,0.8,0.9,0.95,0.95,0.9099999999999999,0.05830951894845297,190
178,0.00022554397583007812,4.023556348748967e-06,0.00015592575073242188,5.005654705814633e-06,3,0.5,3,scale,rbf,"{'C': 3, 'coef0': 0.5, 'degree': 3, 'gamma': 'scale', 'kernel': 'rbf'}",0.95,0.9,0.9,1.0,0.95,0.9400000000000001,0.037416573867739396,84
179,0.0003357410430908203,3.5182698718446192e-06,0.00015964508056640626,1.0831658069229647e-06,3,0.5,3,scale,sigmoid,"{'C': 3, 'coef0': 0.5, 'degree': 3, 'gamma': 'scale', 'kernel': 'sigmoid'}",0.35,0.35,0.35,0.35,0.2,0.31999999999999995,0.059999999999999984,253
180,0.00021028518676757812,5.678167589799575e-06,0.000150299072265625,1.2510593240454396e-05,3,0.5,3,auto,linear,"{'C': 3, 'coef0': 0.5, 'degree': 3, 'gamma': 'auto', 'kernel': 'linear'}",0.95,0.9,0.9,1.0,1.0,0.95,0.04472135954999579,1
181,0.0004920005798339844,0.00036852141898118836,0.0001636028289794922,3.036423243722422e-05,3,0.5,3,auto,poly,"{'C': 3, 'coef0': 0.5, 'degree': 3, 'gamma': 'auto', 'kernel': 'poly'}",1.0,0.8,0.9,1.0,0.95,0.93,0.0748331477354788,131
182,0.00022783279418945313,5.9568394127818145e-06,0.00015511512756347657,2.507818945370618e-06,3,0.5,3,auto,rbf,"{'C': 3, 'coef0': 0.5, 'degree': 3, 'gamma': 'auto', 'kernel': 'rbf'}",0.95,0.85,0.9,1.0,0.95,0.9299999999999999,0.05099019513592785,149
183,0.00033297538757324217,1.600326882459452e-05,0.00016183853149414061,3.5472326113504962e-06,3,0.5,3,auto,sigmoid,"{'C': 3, 'coef0': 0.5, 'degree': 3, 'gamma': 'auto', 'kernel': 'sigmoid'}",0.35,0.35,0.35,0.35,0.3,0.33999999999999997,0.019999999999999997,217
184,0.00021677017211914064,5.732764695028461e-06,0.00013861656188964843,1.1142083592937396e-06,3,0.5,4,scale,linear,"{'C': 3, 'coef0': 0.5, 'degree': 4, 'gamma': 'scale', 'kernel': 'linear'}",0.95,0.9,0.9,1.0,1.0,0.95,0.04472135954999579,1
185,0.00027976036071777346,5.0599275712666166e-05,0.00013918876647949218,3.5247266030457164e-06,3,0.5,4,scale,poly,"{'C': 3, 'coef0': 0.5, 'degree': 4, 'gamma': 'scale', 'kernel': 'poly'}",1.0,0.8,0.9,0.95,0.95,0.9200000000000002,0.06782329983125265,174
186,0.00023980140686035155,1.5256106617702633e-05,0.0001686573028564453,1.8897797148653776e-05,3,0.5,4,scale,rbf,"{'C': 3, 'coef0': 0.5, 'degree': 4, 'gamma': 'scale', 'kernel': 'rbf'}",0.95,0.9,0.9,1.0,0.95,0.9400000000000001,0.037416573867739396,84
187,0.00034842491149902346,9.03804550993939e-06,0.00016345977783203126,1.3704402793121256e-06,3,0.5,4,scale,sigmoid,"{'C': 3, 'coef0': 0.5, 'degree': 4, 'gamma': 'scale', 'kernel': 'sigmoid'}",0.35,0.35,0.35,0.35,0.2,0.31999999999999995,0.059999999999999984,253
188,0.00020413398742675782,3.857373889190041e-06,0.00014119148254394532,4.0556394910745465e-06,3,0.5,4,auto,linear,"{'C': 3, 'coef0': 0.5, 'degree': 4, 'gamma': 'auto', 'kernel': 'linear'}",0.95,0.9,0.9,1.0,1.0,0.95,0.04472135954999579,1
189,0.0010577201843261718,0.0007993284674201209,0.0001392364501953125,1.4927364199160125e-06,3,0.5,4,auto,poly,"{'C': 3, 'coef0': 0.5, 'degree': 4, 'gamma': 'auto', 'kernel': 'poly'}",0.95,0.8,0.9,0.95,0.95,0.9099999999999999,0.05830951894845297,190
190,0.0002274036407470703,9.220852031956819e-06,0.0001536846160888672,2.6830301087637327e-06,3,0.5,4,auto,rbf,"{'C': 3, 'coef0': 0.5, 'degree': 4, 'gamma': 'auto', 'kernel': 'rbf'}",0.95,0.85,0.9,1.0,0.95,0.9299999999999999,0.05099019513592785,149
191,0.00033326148986816405,1.5195626422086714e-05,0.0001644134521484375,5.20299046686338e-06,3,0.5,4,auto,sigmoid,"{'C': 3, 'coef0': 0.5, 'degree': 4, 'gamma': 'auto', 'kernel': 'sigmoid'}",0.35,0.35,0.35,0.35,0.3,0.33999999999999997,0.019999999999999997,217
192,0.0002197742462158203,9.465427780700203e-06,0.00014295578002929688,2.319409657862722e-06,0.5,0.0,2,scale,linear,"{'C': 0.5, 'coef0': 0.0, 'degree': 2, 'gamma': 'scale', 'kernel': 'linear'}",1.0,0.9,0.9,1.0,0.95,0.95,0.04472135954999579,1
193,0.00021953582763671874,4.271353850661982e-06,0.00014314651489257812,2.4060203192792634e-06,0.5,0.0,2,scale,poly,"{'C': 0.5, 'coef0': 0.0, 'degree': 2, 'gamma': 'scale', 'kernel': 'poly'}",0.95,0.9,0.9,1.0,0.95,0.9400000000000001,0.037416573867739396,84
194,0.0002468109130859375,3.1027409524912718e-06,0.0001701831817626953,1.533311385232308e-06,0.5,0.0,2,scale,rbf,"{'C': 0.5, 'coef0': 0.0, 'degree': 2, 'gamma': 'scale', 'kernel': 'rbf'}",0.95,0.9,0.9,1.0,0.85,0.9199999999999999,0.05099019513592785,177
195,0.0003337383270263672,2.866580651319339e-06,0.00016126632690429687,1.0936112347774234e-06,0.5,0.0,2,scale,sigmoid,"{'C': 0.5, 'coef0': 0.0, 'degree': 2, 'gamma': 'scale', 'kernel': 'sigmoid'}",0.35,0.35,0.35,0.35,0.2,0.31999999999999995,0.059999999999999984,253
196,0.0002013683319091797,2.995357279689676e-06,0.00013976097106933595,1.6407633337102178e-06,0.5,0.0,2,auto,linear,"{'C': 0.5, 'coef0': 0.0, 'degree': 2, 'gamma': 'auto', 'kernel': 'linear'}",1.0,0.9,0.9,1.0,0.95,0.95,0.04472135954999579,1
197,0.00021219253540039062,4.9806091987684214e-06,0.00013742446899414062,7.921813834112239e-07,0.5,0.0,2,auto,poly,"{'C': 0.5, 'coef0': 0.0, 'degree': 2, 'gamma': 'auto', 'kernel': 'poly'}",0.95,0.9,0.9,1.0,1.0,0.95,0.04472135954999579,1
198,0.00024118423461914063,1.3914006960358126e-05,0.00016369819641113282,3.132642308360451e-06,0.5,0.0,2,auto,rbf,"{'C': 0.5, 'coef0': 0.0, 'degree': 2, 'gamma': 'auto', 'kernel': 'rbf'}",0.95,0.85,0.9,1.0,0.95,0.9299999999999999,0.05099019513592785,149
199,0.00032739639282226564,5.680969942924567e-06,0.0001632213592529297,4.673490693590485e-06,0.5,0.0,2,auto,sigmoid,"{'C': 0.5, 'coef0': 0.0, 'degree': 2, 'gamma': 'auto', 'kernel': 'sigmoid'}",0.35,0.35,0.35,0.35,0.3,0.33999999999999997,0.019999999999999997,217
200,0.00021419525146484374,5.336743069140509e-06,0.0001404285430908203,1.4064675525429367e-06,0.5,0.0,3,scale,linear,"{'C': 0.5, 'coef0': 0.0, 'degree': 3, 'gamma': 'scale', 'kernel': 'linear'}",1.0,0.9,0.9,1.0,0.95,0.95,0.04472135954999579,1
201,0.00023555755615234375,1.9255603146753897e-05,0.00014524459838867189,6.172048734720028e-06,0.5,0.0,3,scale,poly,"{'C': 0.5, 'coef0': 0.0, 'degree': 3, 'gamma': 'scale', 'kernel': 'poly'}",0.95,0.9,0.9,1.0,0.95,0.9400000000000001,0.037416573867739396,84
202,0.00025272369384765625,4.770755172073655e-06,0.00017199516296386718,2.494181982159046e-06,0.5,0.0,3,scale,rbf,"{'C': 0.5, 'coef0': 0.0, 'degree': 3, 'gamma': 'scale', 'kernel': 'rbf'}",0.95,0.9,0.9,1.0,0.85,0.9199999999999999,0.05099019513592785,177
203,0.0003387451171875,2.3330936093759667e-06,0.00016107559204101563,1.3197281363580747e-06,0.5,0.0,3,scale,sigmoid,"{'C': 0.5, 'coef0': 0.0, 'degree': 3, 'gamma': 'scale', 'kernel': 'sigmoid'}",0.35,0.35,0.35,0.35,0.2,0.31999999999999995,0.059999999999999984,253
204,0.00021071434020996093,9.992440934733662e-06,0.000146484375,1.3066208246591864e-05,0.5,0.0,3,auto,linear,"{'C': 0.5, 'coef0': 0.0, 'degree': 3, 'gamma': 'auto', 'kernel': 'linear'}",1.0,0.9,0.9,1.0,0.95,0.95,0.04472135954999579,1
205,0.00025038719177246095,4.472452939857236e-05,0.00013780593872070312,1.8031759644688643e-06,0.5,0.0,3,auto,poly,"{'C': 0.5, 'coef0': 0.0, 'degree': 3, 'gamma': 'auto', 'kernel': 'poly'}",1.0,0.9,0.9,1.0,0.95,0.95,0.04472135954999579,1
206,0.00023026466369628905,2.8586377691882824e-06,0.0001605987548828125,1.8566057523662361e-06,0.5,0.0,3,auto,rbf,"{'C': 0.5, 'coef0': 0.0, 'degree': 3, 'gamma': 'auto', 'kernel': 'rbf'}",0.95,0.85,0.9,1.0,0.95,0.9299999999999999,0.05099019513592785,149
207,0.0003192424774169922,3.966643208138546e-06,0.00015835762023925782,1.6128096127784504e-06,0.5,0.0,3,auto,sigmoid,"{'C': 0.5, 'coef0': 0.0, 'degree': 3, 'gamma': 'auto', 'kernel': 'sigmoid'}",0.35,0.35,0.35,0.35,0.3,0.33999999999999997,0.019999999999999997,217
208,0.0002300262451171875,2.6581009273902994e-05,0.00014786720275878907,1.0170613546199856e-05,0.5,0.0,4,scale,linear,"{'C': 0.5, 'coef0': 0.0, 'degree': 4, 'gamma': 'scale', 'kernel': 'linear'}",1.0,0.9,0.9,1.0,0.95,0.95,0.04472135954999579,1
209,0.00023784637451171876,1.0436744365837211e-05,0.00013918876647949218,7.893059424041199e-07,0.5,0.0,4,scale,poly,"{'C': 0.5, 'coef0': 0.0, 'degree': 4, 'gamma': 'scale', 'kernel': 'poly'}",0.95,0.8,0.9,0.95,0.95,0.9099999999999999,0.05830951894845297,190
210,0.00024662017822265627,2.4435287428510583e-06,0.00017080307006835937,1.621246337890625e-06,0.5,0.0,4,scale,rbf,"{'C': 0.5, 'coef0': 0.0, 'degree': 4, 'gamma': 'scale', 'kernel': 'rbf'}",0.95,0.9,0.9,1.0,0.85,0.9199999999999999,0.05099019513592785,177
211,0.00034794807434082033,1.259391841494064e-05,0.00016493797302246093,6.585533756199423e-06,0.5,0.0,4,scale,sigmoid,"{'C': 0.5, 'coef0': 0.0, 'degree': 4, 'gamma': 'scale', 'kernel': 'sigmoid'}",0.35,0.35,0.35,0.35,0.2,0.31999999999999995,0.059999999999999984,253
212,0.00020627975463867189,5.187234403027501e-06,0.000140380859375,1.0160100818949946e-06,0.5,0.0,4,auto,linear,"{'C': 0.5, 'coef0': 0.0, 'degree': 4, 'gamma': 'auto', 'kernel': 'linear'}",1.0,0.9,0.9,1.0,0.95,0.95,0.04472135954999579,1
213,0.0010704517364501954,0.0009191636104278676,0.00013990402221679686,1.5109042661433087e-06,0.5,0.0,4,auto,poly,"{'C': 0.5, 'coef0': 0.0, 'degree': 4, 'gamma': 'auto', 'kernel': 'poly'}",0.95,0.8,0.9,0.95,0.95,0.9099999999999999,0.05830951894845297,190
214,0.0002360820770263672,3.419956412704679e-06,0.00016198158264160156,2.09808349609375e-06,0.5,0.0,4,auto,rbf,"{'C': 0.5, 'coef0': 0.0, 'degree': 4, 'gamma': 'auto', 'kernel': 'rbf'}",0.95,0.85,0.9,1.0,0.95,0.9299999999999999,0.05099019513592785,149
215,0.0003235340118408203,4.414286350644347e-06,0.00016126632690429687,3.427261891568453e-06,0.5,0.0,4,auto,sigmoid,"{'C': 0.5, 'coef0': 0.0, 'degree': 4, 'gamma': 'auto', 'kernel': 'sigmoid'}",0.35,0.35,0.35,0.35,0.3,0.33999999999999997,0.019999999999999997,217
216,0.00021986961364746095,7.899394374801186e-06,0.00014710426330566406,8.369816569319773e-06,0.5,0.1,2,scale,linear,"{'C': 0.5, 'coef0': 0.1, 'degree': 2, 'gamma': 'scale', 'kernel': 'linear'}",1.0,0.9,0.9,1.0,0.95,0.95,0.04472135954999579,1
217,0.00024404525756835938,3.1932286011898686e-05,0.00014882087707519532,5.051774077663051e-06,0.5,0.1,2,scale,poly,"{'C': 0.5, 'coef0': 0.1, 'degree': 2, 'gamma': 'scale', 'kernel': 'poly'}",0.95,0.9,0.9,1.0,0.95,0.9400000000000001,0.037416573867739396,84
218,0.0002457618713378906,4.050029252545561e-06,0.0001689434051513672,1.1344315770502394e-06,0.5,0.1,2,scale,rbf,"{'C': 0.5, 'coef0': 0.1, 'degree': 2, 'gamma': 'scale', 'kernel': 'rbf'}",0.95,0.9,0.9,1.0,0.85,0.9199999999999999,0.05099019513592785,177
219,0.0003375530242919922,3.073288544525531e-06,0.00016002655029296876,3.113713782751943e-06,0.5,0.1,2,scale,sigmoid,"{'C': 0.5, 'coef0': 0.1, 'degree': 2, 'gamma': 'scale', 'kernel': 'sigmoid'}",0.35,0.35,0.35,0.35,0.2,0.31999999999999995,0.059999999999999984,253
220,0.00020375251770019532,4.131182406862349e-06,0.00013899803161621094,7.539457464619588e-07,0.5,0.1,2,auto,linear,"{'C': 0.5, 'coef0': 0.1, 'degree': 2, 'gamma': 'auto', 'kernel': 'linear'}",1.0,0.9,0.9,1.0,0.95,0.95,0.04472135954999579,1
221,0.0002144336700439453,4.4848049377546295e-06,0.00013799667358398436,9.536743164062502e-08,0.5,0.1,2,auto,poly,"{'C': 0.5, 'coef0': 0.1, 'degree': 2, 'gamma': 'auto', 'kernel': 'poly'}",0.95,0.9,0.9,1.0,1.0,0.95,0.04472135954999579,1
222,0.00023369789123535157,3.773948466760517e-06,0.00016074180603027345,1.6750495977640435e-06,0.5,0.1,2,auto,rbf,"{'C': 0.5, 'coef0': 0.1, 'degree': 2, 'gamma': 'auto', 'kernel': 'rbf'}",0.95,0.85,0.9,1.0,0.95,0.9299999999999999,0.05099019513592785,149
223,0.00033769607543945315,1.7841995068967245e-05,0.00017457008361816407,1.8915114941679402e-05,0.5,0.1,2,auto,sigmoid,"{'C': 0.5, 'coef0': 0.1, 'degree': 2, 'gamma': 'auto', 'kernel': 'sigmoid'}",0.35,0.35,0.35,0.35,0.3,0.33999999999999997,0.019999999999999997,217
224,0.000214385986328125,4.680296987606766e-06,0.00014200210571289063,2.434205821628612e-06,0.5,0.1,3,scale,linear,"{'C': 0.5, 'coef0': 0.1, 'degree': 3, 'gamma': 'scale', 'kernel': 'linear'}",1.0,0.9,0.9,1.0,0.95,0.95,0.04472135954999579,1
225,0.00022039413452148437,1.998169597602554e-06,0.00013875961303710938,7.688768146799612e-07,0.5,0.1,3,scale,poly,"{'C': 0.5, 'coef0': 0.1, 'degree': 3, 'gamma': 'scale', 'kernel': 'poly'}",0.95,0.9,0.9,1.0,0.95,0.9400000000000001,0.037416573867739396,84
226,0.00025653839111328125,1.8090927793592795e-05,0.00017518997192382811,1.2571149485232607e-05,0.5,0.1,3,scale,rbf,"{'C': 0.5, 'coef0': 0.1, 'degree': 3, 'gamma': 'scale', 'kernel': 'rbf'}",0.95,0.9,0.9,1.0,0.85,0.9199999999999999,0.05099019513592785,177
227,0.0003431797027587891,7.06395263381428e-06,0.000160980224609375,1.0915301458606336e-06,0.5,0.1,3,scale,sigmoid,"{'C': 0.5, 'coef0': 0.1, 'degree': 3, 'gamma': 'scale', 'kernel': 'sigmoid'}",0.35,0.35,0.35,0.35,0.2,0.31999999999999995,0.059999999999999984,253
228,0.00020771026611328126,4.044411231735234e-06,0.00014142990112304689,3.505320730111905e-06,0.5,0.1,3,auto,linear,"{'C': 0.5, 'coef0': 0.1, 'degree': 3, 'gamma': 'auto', 'kernel': 'linear'}",1.0,0.9,0.9,1.0,0.95,0.95,0.04472135954999579,1
229,0.0002507209777832031,4.4723309253224434e-05,0.00013685226440429688,1.4774258980588596e-06,0.5,0.1,3,auto,poly,"{'C': 0.5, 'coef0': 0.1, 'degree': 3, 'gamma': 'auto', 'kernel': 'poly'}",1.0,0.9,0.9,1.0,0.95,0.95,0.04472135954999579,1
230,0.00025157928466796876,1.1246080794149729e-05,0.00016942024230957032,3.925154805613838e-06,0.5,0.1,3,auto,rbf,"{'C': 0.5, 'coef0': 0.1, 'degree': 3, 'gamma': 'auto', 'kernel': 'rbf'}",0.95,0.85,0.9,1.0,0.95,0.9299999999999999,0.05099019513592785,149
231,0.0003289699554443359,4.554730963233777e-06,0.00016179084777832032,2.1882617770354776e-06,0.5,0.1,3,auto,sigmoid,"{'C': 0.5, 'coef0': 0.1, 'degree': 3, 'gamma': 'auto', 'kernel': 'sigmoid'}",0.35,0.35,0.35,0.35,0.3,0.33999999999999997,0.019999999999999997,217
232,0.00022020339965820313,4.3718452806290034e-06,0.00014057159423828126,5.135693366178993e-07,0.5,0.1,4,scale,linear,"{'C': 0.5, 'coef0': 0.1, 'degree': 4, 'gamma': 'scale', 'kernel': 'linear'}",1.0,0.9,0.9,1.0,0.95,0.95,0.04472135954999579,1
233,0.0002441883087158203,1.6658891494498742e-05,0.00013866424560546876,8.476442735019292e-07,0.5,0.1,4,scale,poly,"{'C': 0.5, 'coef0': 0.1, 'degree': 4, 'gamma': 'scale', 'kernel': 'poly'}",0.95,0.8,0.9,0.95,0.95,0.9099999999999999,0.05830951894845297,190
234,0.0002472400665283203,4.320576206235617e-06,0.00016956329345703126,5.309833872633e-07,0.5,0.1,4,scale,rbf,"{'C': 0.5, 'coef0': 0.1, 'degree': 4, 'gamma': 'scale', 'kernel': 'rbf'}",0.95,0.9,0.9,1.0,0.85,0.9199999999999999,0.05099019513592785,177
235,0.00033588409423828124,2.538458185998185e-06,0.00016055107116699218,1.825732204349198e-06,0.5,0.1,4,scale,sigmoid,"{'C': 0.5, 'coef0': 0.1, 'degree': 4, 'gamma': 'scale', 'kernel': 'sigmoid'}",0.35,0.35,0.35,0.35,0.2,0.31999999999999995,0.059999999999999984,253
236,0.00020775794982910156,6.074014535496176e-06,0.00014858245849609376,1.532747782301332e-05,0.5,0.1,4,auto,linear,"{'C': 0.5, 'coef0': 0.1, 'degree': 4, 'gamma': 'auto', 'kernel': 'linear'}",1.0,0.9,0.9,1.0,0.95,0.95,0.04472135954999579,1
237,0.0015250682830810548,0.0013804074234915267,0.00014653205871582032,1.095024116089426e-05,0.5,0.1,4,auto,poly,"{'C': 0.5, 'coef0': 0.1, 'degree': 4, 'gamma': 'auto', 'kernel': 'poly'}",0.95,0.8,0.9,0.95,0.95,0.9099999999999999,0.05830951894845297,190
238,0.00023546218872070313,3.2044024689505465e-06,0.000162506103515625,1.7559006347200364e-06,0.5,0.1,4,auto,rbf,"{'C': 0.5, 'coef0': 0.1, 'degree': 4, 'gamma': 'auto', 'kernel': 'rbf'}",0.95,0.85,0.9,1.0,0.95,0.9299999999999999,0.05099019513592785,149
239,0.0003249645233154297,6.33852730930609e-06,0.00016012191772460938,1.7623633015228582e-06,0.5,0.1,4,auto,sigmoid,"{'C': 0.5, 'coef0': 0.1, 'degree': 4, 'gamma': 'auto', 'kernel': 'sigmoid'}",0.35,0.35,0.35,0.35,0.3,0.33999999999999997,0.019999999999999997,217
240,0.0002660274505615234,9.9188822740471e-05,0.0001457691192626953,1.2653357155320729e-05,0.5,0.3,2,scale,linear,"{'C': 0.5, 'coef0': 0.3, 'degree': 2, 'gamma': 'scale', 'kernel': 'linear'}",1.0,0.9,0.9,1.0,0.95,0.95,0.04472135954999579,1
241,0.0002216815948486328,5.793914863237013e-06,0.00014090538024902344,7.072638022514022e-07,0.5,0.3,2,scale,poly,"{'C': 0.5, 'coef0': 0.3, 'degree': 2, 'gamma': 'scale', 'kernel': 'poly'}",0.95,0.9,0.9,1.0,0.95,0.9400000000000001,0.037416573867739396,84
242,0.0002457618713378906,3.298114102514378e-06,0.0001689910888671875,1.2470909910795232e-06,0.5,0.3,2,scale,rbf,"{'C': 0.5, 'coef0': 0.3, 'degree': 2, 'gamma': 'scale', 'kernel': 'rbf'}",0.95,0.9,0.9,1.0,0.85,0.9199999999999999,0.05099019513592785,177
243,0.00034027099609375,8.416412231324255e-06,0.00016798973083496094,1.516207203167279e-05,0.5,0.3,2,scale,sigmoid,"{'C': 0.5, 'coef0': 0.3, 'degree': 2, 'gamma': 'scale', 'kernel': 'sigmoid'}",0.35,0.35,0.35,0.35,0.2,0.31999999999999995,0.059999999999999984,253
244,0.00020875930786132813,8.71529976642032e-06,0.00014410018920898437,3.648972791616248e-06,0.5,0.3,2,auto,linear,"{'C': 0.5, 'coef0': 0.3, 'degree': 2, 'gamma': 'auto', 'kernel': 'linear'}",1.0,0.9,0.9,1.0,0.95,0.95,0.04472135954999579,1
245,0.00021352767944335938,3.4864590473996943e-06,0.00013823509216308593,3.814697265625e-07,0.5,0.3,2,auto,poly,"{'C': 0.5, 'coef0': 0.3, 'degree': 2, 'gamma': 'auto', 'kernel': 'poly'}",0.95,0.9,0.9,1.0,1.0,0.95,0.04472135954999579,1
246,0.00023279190063476562,2.5925211370598192e-06,0.00016303062438964843,3.362969910145846e-06,0.5,0.3,2,auto,rbf,"{'C': 0.5, 'coef0': 0.3, 'degree': 2, 'gamma': 'auto', 'kernel': 'rbf'}",0.95,0.85,0.9,1.0,0.95,0.9299999999999999,0.05099019513592785,149
247,0.00033016204833984374,1.3089505697064848e-05,0.0001647472381591797,2.9355514472239276e-06,0.5,0.3,2,auto,sigmoid,"{'C': 0.5, 'coef0': 0.3, 'degree': 2, 'gamma': 'auto', 'kernel': 'sigmoid'}",0.35,0.35,0.35,0.35,0.3,0.33999999999999997,0.019999999999999997,217
248,0.00021839141845703125,6.291721298235221e-06,0.00014181137084960936,2.673691896224248e-06,0.5,0.3,3,scale,linear,"{'C': 0.5, 'coef0': 0.3, 'degree': 3, 'gamma': 'scale', 'kernel': 'linear'}",1.0,0.9,0.9,1.0,0.95,0.95,0.04472135954999579,1
249,0.0002223968505859375,4.972385088435634e-06,0.0001388072967529297,8.44957597096889e-07,0.5,0.3,3,scale,poly,"{'C': 0.5, 'coef0': 0.3, 'degree': 3, 'gamma': 'scale', 'kernel': 'poly'}",0.95,0.85,0.9,1.0,0.95,0.9299999999999999,0.05099019513592785,149
250,0.0002472400665283203,4.000888245277983e-06,0.00016818046569824218,1.0070186654063642e-06,0.5,0.3,3,scale,rbf,"{'C': 0.5, 'coef0': 0.3, 'degree': 3, 'gamma': 'scale', 'kernel': 'rbf'}",0.95,0.9,0.9,1.0,0.85,0.9199999999999999,0.05099019513592785,177
251,0.0003336429595947266,4.8054209470154275e-06,0.0001605987548828125,1.0403358568797793e-06,0.5,0.3,3,scale,sigmoid,"{'C': 0.5, 'coef0': 0.3, 'degree': 3, 'gamma': 'scale', 'kernel': 'sigmoid'}",0.35,0.35,0.35,0.35,0.2,0.31999999999999995,0.059999999999999984,253
252,0.0002013683319091797,5.029671473348334e-06,0.00013899803161621094,1.0446978712180444e-06,0.5,0.3,3,auto,linear,"{'C': 0.5, 'coef0': 0.3, 'degree': 3, 'gamma': 'auto', 'kernel': 'linear'}",1.0,0.9,0.9,1.0,0.95,0.95,0.04472135954999579,1
253,0.0002484321594238281,4.93776331869534e-05,0.00013799667358398436,2.0531702176676737e-06,0.5,0.3,3,auto,poly,"{'C': 0.5, 'coef0': 0.3, 'degree': 3, 'gamma': 'auto', 'kernel': 'poly'}",1.0,0.85,0.9,1.0,0.95,0.9400000000000001,0.058309518948453015,84
254,0.00024657249450683595,1.0917800859805055e-05,0.00017523765563964844,6.941216163355012e-06,0.5,0.3,3,auto,rbf,"{'C': 0.5, 'coef0': 0.3, 'degree': 3, 'gamma': 'auto', 'kernel': 'rbf'}",0.95,0.85,0.9,1.0,0.95,0.9299999999999999,0.05099019513592785,149
255,0.00033826828002929686,1.2459418251752858e-05,0.0001781463623046875,2.6270395403425423e-05,0.5,0.3,3,auto,sigmoid,"{'C': 0.5, 'coef0': 0.3, 'degree': 3, 'gamma': 'auto', 'kernel': 'sigmoid'}",0.35,0.35,0.35,0.35,0.3,0.33999999999999997,0.019999999999999997,217
256,0.00021615028381347657,6.568594115342164e-06,0.0001404285430908203,1.3402432749324032e-06,0.5,0.3,4,scale,linear,"{'C': 0.5, 'coef0': 0.3, 'degree': 4, 'gamma': 'scale', 'kernel': 'linear'}",1.0,0.9,0.9,1.0,0.95,0.95,0.04472135954999579,1
257,0.00026445388793945314,2.051641398801284e-05,0.0001560211181640625,1.7060244634467105e-05,0.5,0.3,4,scale,poly,"{'C': 0.5, 'coef0': 0.3, 'degree': 4, 'gamma': 'scale', 'kernel': 'poly'}",0.95,0.8,0.9,0.95,0.95,0.9099999999999999,0.05830951894845297,190
258,0.00025682449340820314,7.717399856532004e-06,0.00017533302307128906,3.59561777525117e-06,0.5,0.3,4,scale,rbf,"{'C': 0.5, 'coef0': 0.3, 'degree': 4, 'gamma': 'scale', 'kernel': 'rbf'}",0.95,0.9,0.9,1.0,0.85,0.9199999999999999,0.05099019513592785,177
259,0.0003417491912841797,1.7298085353104643e-06,0.00016245841979980468,1.3453231792131312e-06,0.5,0.3,4,scale,sigmoid,"{'C': 0.5, 'coef0': 0.3, 'degree': 4, 'gamma': 'scale', 'kernel': 'sigmoid'}",0.35,0.35,0.35,0.35,0.2,0.31999999999999995,0.059999999999999984,253
260,0.00022602081298828125,2.8953479997949335e-05,0.00014939308166503907,9.339924213854758e-06,0.5,0.3,4,auto,linear,"{'C': 0.5, 'coef0': 0.3, 'degree': 4, 'gamma': 'auto', 'kernel': 'linear'}",1.0,0.9,0.9,1.0,0.95,0.95,0.04472135954999579,1
261,0.0008000850677490235,0.0005281191943974357,0.00014247894287109376,3.890243159174182e-06,0.5,0.3,4,auto,poly,"{'C': 0.5, 'coef0': 0.3, 'degree': 4, 'gamma': 'auto', 'kernel': 'poly'}",0.95,0.8,0.9,0.95,0.95,0.9099999999999999,0.05830951894845297,190
262,0.00023741722106933593,8.627195310156574e-06,0.0001689910888671875,1.187927598497011e-05,0.5,0.3,4,auto,rbf,"{'C': 0.5, 'coef0': 0.3, 'degree': 4, 'gamma': 'auto', 'kernel': 'rbf'}",0.95,0.85,0.9,1.0,0.95,0.9299999999999999,0.05099019513592785,149
263,0.0003185749053955078,5.193805238414803e-06,0.00016202926635742188,4.607342654869523e-06,0.5,0.3,4,auto,sigmoid,"{'C': 0.5, 'coef0': 0.3, 'degree': 4, 'gamma': 'auto', 'kernel': 'sigmoid'}",0.35,0.35,0.35,0.35,0.3,0.33999999999999997,0.019999999999999997,217
264,0.00021185874938964844,4.8851961039984505e-06,0.00014090538024902344,4.192372253481534e-06,0.5,0.5,2,scale,linear,"{'C': 0.5, 'coef0': 0.5, 'degree': 2, 'gamma': 'scale', 'kernel': 'linear'}",1.0,0.9,0.9,1.0,0.95,0.95,0.04472135954999579,1
265,0.0002163410186767578,3.165135722212999e-06,0.00013942718505859374,8.035802624870644e-07,0.5,0.5,2,scale,poly,"{'C': 0.5, 'coef0': 0.5, 'degree': 2, 'gamma': 'scale', 'kernel': 'poly'}",0.95,0.9,0.9,1.0,0.95,0.9400000000000001,0.037416573867739396,84
266,0.0002609729766845703,2.566190330507882e-05,0.0001766204833984375,7.736526761000469e-06,0.5,0.5,2,scale,rbf,"{'C': 0.5, 'coef0': 0.5, 'degree': 2, 'gamma': 'scale', 'kernel': 'rbf'}",0.95,0.9,0.9,1.0,0.85,0.9199999999999999,0.05099019513592785,177
267,0.0003365993499755859,3.5408169204210224e-06,0.0001609325408935547,2.684724475910043e-06,0.5,0.5,2,scale,sigmoid,"{'C': 0.5, 'coef0': 0.5, 'degree': 2, 'gamma': 'scale', 'kernel': 'sigmoid'}",0.35,0.35,0.35,0.35,0.2,0.31999999999999995,0.059999999999999984,253
268,0.00020623207092285156,9.122431979040619e-06,0.00013937950134277344,1.6966292261750408e-06,0.5,0.5,2,auto,linear,"{'C': 0.5, 'coef0': 0.5, 'degree': 2, 'gamma': 'auto', 'kernel': 'linear'}",1.0,0.9,0.9,1.0,0.95,0.95,0.04472135954999579,1
269,0.00022907257080078124,1.5113105303998393e-05,0.00014715194702148439,1.2422866354844978e-05,0.5,0.5,2,auto,poly,"{'C': 0.5, 'coef0': 0.5, 'degree': 2, 'gamma': 'auto', 'kernel': 'poly'}",0.95,0.9,0.9,1.0,1.0,0.95,0.04472135954999579,1
270,0.00023999214172363282,5.1745071282388825e-06,0.00016460418701171874,3.229141798655894e-06,0.5,0.5,2,auto,rbf,"{'C': 0.5, 'coef0': 0.5, 'degree': 2, 'gamma': 'auto', 'kernel': 'rbf'}",0.95,0.85,0.9,1.0,0.95,0.9299999999999999,0.05099019513592785,149
271,0.0003257274627685547,8.592864910112062e-06,0.00016217231750488282,5.573898008805259e-06,0.5,0.5,2,auto,sigmoid,"{'C': 0.5, 'coef0': 0.5, 'degree': 2, 'gamma': 'auto', 'kernel': 'sigmoid'}",0.35,0.35,0.35,0.35,0.3,0.33999999999999997,0.019999999999999997,217
272,0.00022459030151367188,1.6901170032259082e-05,0.000144195556640625,6.188604195750283e-06,0.5,0.5,3,scale,linear,"{'C': 0.5, 'coef0': 0.5, 'degree': 3, 'gamma': 'scale', 'kernel': 'linear'}",1.0,0.9,0.9,1.0,0.95,0.95,0.04472135954999579,1
273,0.00022525787353515624,6.4600436833546884e-06,0.0001422405242919922,6.074014535496176e-06,0.5,0.5,3,scale,poly,"{'C': 0.5, 'coef0': 0.5, 'degree': 3, 'gamma': 'scale', 'kernel': 'poly'}",0.95,0.9,0.9,1.0,0.95,0.9400000000000001,0.037416573867739396,84
274,0.00024700164794921875,2.094829810761337e-06,0.00016875267028808593,1.701981382138705e-06,0.5,0.5,3,scale,rbf,"{'C': 0.5, 'coef0': 0.5, 'degree': 3, 'gamma': 'scale', 'kernel': 'rbf'}",0.95,0.9,0.9,1.0,0.85,0.9199999999999999,0.05099019513592785,177
275,0.00033769607543945315,3.407300965299577e-06,0.00015935897827148437,1.621246337890625e-06,0.5,0.5,3,scale,sigmoid,"{'C': 0.5, 'coef0': 0.5, 'degree': 3, 'gamma': 'scale', 'kernel': 'sigmoid'}",0.35,0.35,0.35,0.35,0.2,0.31999999999999995,0.059999999999999984,253
276,0.00021424293518066407,1.9205707972489264e-05,0.0001460552215576172,1.103916641284815e-05,0.5,0.5,3,auto,linear,"{'C': 0.5, 'coef0': 0.5, 'degree': 3, 'gamma': 'auto', 'kernel': 'linear'}",1.0,0.9,0.9,1.0,0.95,0.95,0.04472135954999579,1
277,0.0002660274505615234,7.159950885535354e-05,0.00013794898986816407,8.064048063892252e-07,0.5,0.5,3,auto,poly,"{'C': 0.5, 'coef0': 0.5, 'degree': 3, 'gamma': 'auto', 'kernel': 'poly'}",1.0,0.85,0.9,1.0,0.95,0.9400000000000001,0.058309518948453015,84
278,0.00023260116577148438,2.7499906263916422e-06,0.00016498565673828125,5.120174291819045e-06,0.5,0.5,3,auto,rbf,"{'C': 0.5, 'coef0': 0.5, 'degree': 3, 'gamma': 'auto', 'kernel': 'rbf'}",0.95,0.85,0.9,1.0,0.95,0.9299999999999999,0.05099019513592785,149
279,0.00034122467041015626,3.057801699104565e-05,0.0001647472381591797,6.704608537053224e-06,0.5,0.5,3,auto,sigmoid,"{'C': 0.5, 'coef0': 0.5, 'degree': 3, 'gamma': 'auto', 'kernel': 'sigmoid'}",0.35,0.35,0.35,0.35,0.3,0.33999999999999997,0.019999999999999997,217
280,0.00021562576293945312,5.9185461423211306e-06,0.0001399993896484375,9.097473158044297e-07,0.5,0.5,4,scale,linear,"{'C': 0.5, 'coef0': 0.5, 'degree': 4, 'gamma': 'scale', 'kernel': 'linear'}",1.0,0.9,0.9,1.0,0.95,0.95,0.04472135954999579,1
281,0.00024123191833496093,1.1116954958549322e-05,0.00013780593872070312,3.693564745147149e-07,0.5,0.5,4,scale,poly,"{'C': 0.5, 'coef0': 0.5, 'degree': 4, 'gamma': 'scale', 'kernel': 'poly'}",0.95,0.8,0.9,0.95,0.95,0.9099999999999999,0.05830951894845297,190
282,0.0002560138702392578,2.1066490801201755e-05,0.00017457008361816407,1.3256930591094296e-05,0.5,0.5,4,scale,rbf,"{'C': 0.5, 'coef0': 0.5, 'degree': 4, 'gamma': 'scale', 'kernel': 'rbf'}",0.95,0.9,0.9,1.0,0.85,0.9199999999999999,0.05099019513592785,177
283,0.0003482818603515625,8.470270925381163e-06,0.00016379356384277344,2.962536729242147e-06,0.5,0.5,4,scale,sigmoid,"{'C': 0.5, 'coef0': 0.5, 'degree': 4, 'gamma': 'scale', 'kernel': 'sigmoid'}",0.35,0.35,0.35,0.35,0.2,0.31999999999999995,0.059999999999999984,253
284,0.00020999908447265624,7.84596385981357e-06,0.000145721435546875,5.927759087800135e-06,0.5,0.5,4,auto,linear,"{'C': 0.5, 'coef0': 0.5, 'degree': 4, 'gamma': 'auto', 'kernel': 'linear'}",1.0,0.9,0.9,1.0,0.95,0.95,0.04472135954999579,1
285,0.0010258674621582032,0.0008262563967779878,0.0001464366912841797,8.604764010205864e-06,0.5,0.5,4,auto,poly,"{'C': 0.5, 'coef0': 0.5, 'degree': 4, 'gamma': 'auto', 'kernel': 'poly'}",0.95,0.8,0.9,0.95,0.95,0.9099999999999999,0.05830951894845297,190
286,0.00023756027221679687,5.040960421143536e-06,0.00016641616821289062,4.470586770375909e-06,0.5,0.5,4,auto,rbf,"{'C': 0.5, 'coef0': 0.5, 'degree': 4, 'gamma': 'auto', 'kernel': 'rbf'}",0.95,0.85,0.9,1.0,0.95,0.9299999999999999,0.05099019513592785,149
287,0.00033311843872070314,1.3361143945691897e-05,0.00016970634460449218,1.0292836845885566e-05,0.5,0.5,4,auto,sigmoid,"{'C': 0.5, 'coef0': 0.5, 'degree': 4, 'gamma': 'auto', 'kernel': 'sigmoid'}",0.35,0.35,0.35,0.35,0.3,0.33999999999999997,0.019999999999999997,217
